var_1,desc_1,var_2,desc_2,corr
15044A,PINK_PAPER_PARASOL_,15044C,PURPLE_PAPER_PARASOL,0.8767937141488306
15044A,PINK_PAPER_PARASOL_,15044D,RED_PAPER_PARASOL,0.8835518985917998
15044B,BLUE_PAPER_PARASOL_,15044D,RED_PAPER_PARASOL,0.8548521917492419
15044C,PURPLE_PAPER_PARASOL,15044D,RED_PAPER_PARASOL,0.940746405138083
16011,ANIMAL_STICKERS,20704,MR_ROBOT_SOFT_TOY,0.8274914409423074
16011,ANIMAL_STICKERS,20705,MRS_ROBOT_SOFT_TOY,0.8274914409423074
16011,ANIMAL_STICKERS,20755,BLUE_PAISLEY_POCKET_BOOK,0.8798253491395144
16011,ANIMAL_STICKERS,20757,RED_DAISY_POCKET_BOOK_,0.8324014801877107
16014,SMALL_CHINESE_STYLE_SCISSOR,16015,MEDIUM_CHINESE_STYLE_SCISSOR,0.8728514666474332
16014,SMALL_CHINESE_STYLE_SCISSOR,16016,LARGE_CHINESE_STYLE_SCISSOR,0.9411255901092248
16015,MEDIUM_CHINESE_STYLE_SCISSOR,22300,COFFEE_MUG_DOG_+_BALL_DESIGN,0.8276606365483663
16015,MEDIUM_CHINESE_STYLE_SCISSOR,22301,COFFEE_MUG_CAT_+_BIRD_DESIGN,0.8195191032673613
17012B,ORIGAMI_JASMINE_INCENSE/CANDLE_SET,84877D,BLUE_ROUND_COMPACT_MIRROR,0.8744150963817247
17136A,BLUE_STONES_ON_WIRE_FOR_CANDLE,21128,GOLD_FISHING_GNOME,0.9258672510086253
17136A,BLUE_STONES_ON_WIRE_FOR_CANDLE,21132,SILVER_STANDING_GNOME___,0.8476190586861868
20617,FIRST_CLASS_PASSPORT_COVER_,20618,QUEEN_OF_THE_SKIES_PASSPORT_COVER_,0.8258103136130972
20617,FIRST_CLASS_PASSPORT_COVER_,20654,FIRST_CLASS_LUGGAGE_TAG_,0.8370100821616785
20619,TROPICAL_PASSPORT_COVER_,21867,PINK_UNION_JACK__LUGGAGE_TAG,0.8134234038312734
20668,DISCO_BALL_CHRISTMAS_DECORATION,20735,BLACK_MINI_TAPE_MEASURE_,0.8871051854891344
20668,DISCO_BALL_CHRISTMAS_DECORATION,21131,GOLD_STANDING_GNOME,0.8096991391000526
20668,DISCO_BALL_CHRISTMAS_DECORATION,21270,ANTIQUE_CREAM_CUTLERY_CUPBOARD,0.974713148400976
20668,DISCO_BALL_CHRISTMAS_DECORATION,21629,SQUARE_FLOOR_CUSHION_VINTAGE_RED,0.8643589567575629
20668,DISCO_BALL_CHRISTMAS_DECORATION,21925,UNION_STRIPE_CUSHION_COVER_,0.9283441698267328
20668,DISCO_BALL_CHRISTMAS_DECORATION,21926,RED/CREAM_STRIPE_CUSHION_COVER_,0.9398203843952699
20668,DISCO_BALL_CHRISTMAS_DECORATION,21927,BLUE/CREAM_STRIPE_CUSHION_COVER_,0.9630139558983796
20668,DISCO_BALL_CHRISTMAS_DECORATION,22041,"RECORD_FRAME_7""_SINGLE_SIZE_",0.8957249411005086
20668,DISCO_BALL_CHRISTMAS_DECORATION,22134,MINI_LADLE_LOVE_HEART_RED_,0.8897241741103583
20668,DISCO_BALL_CHRISTMAS_DECORATION,22135,LADLE_LOVE_HEART_PINK,0.8639687844570209
20668,DISCO_BALL_CHRISTMAS_DECORATION,22221,CAKE_STAND_LOVEBIRD_2_TIER_PINK,0.809557460208882
20668,DISCO_BALL_CHRISTMAS_DECORATION,22222,CAKE_PLATE_LOVEBIRD_WHITE,0.8761468428137998
20668,DISCO_BALL_CHRISTMAS_DECORATION,22255,FELT_TOADSTOOL__SMALL,0.8954052125459508
20668,DISCO_BALL_CHRISTMAS_DECORATION,22428,ENAMEL_FIRE_BUCKET_CREAM,0.8043706659706887
20668,DISCO_BALL_CHRISTMAS_DECORATION,22467,GUMBALL_COAT_RACK,0.8415857194740484
20668,DISCO_BALL_CHRISTMAS_DECORATION,22475,SKULL_DESIGN_TV_DINNER_TRAY,0.8747307457244474
20668,DISCO_BALL_CHRISTMAS_DECORATION,22719,GUMBALL_MONOCHROME_COAT_RACK,0.9135709821963354
20668,DISCO_BALL_CHRISTMAS_DECORATION,22760,"TRAY,_BREAKFAST_IN_BED",0.9307166434289488
20668,DISCO_BALL_CHRISTMAS_DECORATION,22893,MINI_CAKE_STAND_T-LIGHT_HOLDER,0.924705404714224
20668,DISCO_BALL_CHRISTMAS_DECORATION,22954,HEN_PARTY_CORDON_BARRIER_TAPE,0.8447572054543034
20668,DISCO_BALL_CHRISTMAS_DECORATION,23263,SET_OF_3_WOODEN_HEART_DECORATIONS,0.8201544779058064
20668,DISCO_BALL_CHRISTMAS_DECORATION,23264,SET_OF_3_WOODEN_SLEIGH_DECORATIONS,0.8473597699405396
20668,DISCO_BALL_CHRISTMAS_DECORATION,23265,SET_OF_3_WOODEN_TREE_DECORATIONS,0.867116378442705
20668,DISCO_BALL_CHRISTMAS_DECORATION,23266,SET_OF_3_WOODEN_STOCKING_DECORATION,0.8588124964386934
20668,DISCO_BALL_CHRISTMAS_DECORATION,35653,VINTAGE_BEAD_NOTEBOOK,0.9664537478161618
20668,DISCO_BALL_CHRISTMAS_DECORATION,46000R,POLYESTER_FILLER_PAD_45x30cm,0.9393777036153559
20668,DISCO_BALL_CHRISTMAS_DECORATION,46000U,POLYESTER_FILLER_PAD_30CMx30CM,0.9277779730857418
20668,DISCO_BALL_CHRISTMAS_DECORATION,47421,ASSORTED_COLOUR_LIZARD_SUCTION_HOOK,0.9743884750273957
20668,DISCO_BALL_CHRISTMAS_DECORATION,47563A,RETRO_LONGBOARD_IRONING_BOARD_COVER,0.9433237843929414
20668,DISCO_BALL_CHRISTMAS_DECORATION,71406C,BLACK_ORANGE_SQUEEZER,0.9703607496429538
20668,DISCO_BALL_CHRISTMAS_DECORATION,79160,HEART_SHAPE_WIRELESS_DOORBELL,0.8181689405452608
20668,DISCO_BALL_CHRISTMAS_DECORATION,79321,CHILLI_LIGHTS,0.8619787813715251
20668,DISCO_BALL_CHRISTMAS_DECORATION,82001S,VINYL_RECORD_FRAME_SILVER,0.8193910051736084
20668,DISCO_BALL_CHRISTMAS_DECORATION,84341B,SMALL_PINK_MAGIC_CHRISTMAS_TREE,0.8044784580222455
20668,DISCO_BALL_CHRISTMAS_DECORATION,84659A,WHITE_TRAVEL_ALARM_CLOCK,0.8708512290667781
20668,DISCO_BALL_CHRISTMAS_DECORATION,85114B,IVORY_ENCHANTED_FOREST_PLACEMAT,0.9328366794333292
20674,GREEN_POLKADOT_BOWL,20675,BLUE_POLKADOT_BOWL,0.8441944430957264
20674,GREEN_POLKADOT_BOWL,21245,GREEN_POLKADOT_PLATE_,0.8598044993066923
20675,BLUE_POLKADOT_BOWL,20677,PINK_POLKADOT_BOWL,0.9019522548846305
20675,BLUE_POLKADOT_BOWL,21239,PINK__POLKADOT_CUP,0.8499239122671657
20675,BLUE_POLKADOT_BOWL,21243,PINK__POLKADOT_PLATE_,0.8525769246587169
20675,BLUE_POLKADOT_BOWL,21244,BLUE_POLKADOT_PLATE_,0.8432999872651362
20675,BLUE_POLKADOT_BOWL,21245,GREEN_POLKADOT_PLATE_,0.8402607263903428
20677,PINK_POLKADOT_BOWL,21239,PINK__POLKADOT_CUP,0.8180027983917155
20677,PINK_POLKADOT_BOWL,21243,PINK__POLKADOT_PLATE_,0.8086031942033564
20677,PINK_POLKADOT_BOWL,21244,BLUE_POLKADOT_PLATE_,0.8430576332185062
20677,PINK_POLKADOT_BOWL,21245,GREEN_POLKADOT_PLATE_,0.8015701445765216
20704,MR_ROBOT_SOFT_TOY,20705,MRS_ROBOT_SOFT_TOY,1.0
20704,MR_ROBOT_SOFT_TOY,20755,BLUE_PAISLEY_POCKET_BOOK,0.8258541155478363
20705,MRS_ROBOT_SOFT_TOY,20755,BLUE_PAISLEY_POCKET_BOOK,0.8258541155478363
20723,STRAWBERRY_CHARLOTTE_BAG,20724,RED_RETROSPOT_CHARLOTTE_BAG,0.8910287829528176
20723,STRAWBERRY_CHARLOTTE_BAG,22355,CHARLOTTE_BAG_SUKI_DESIGN,0.8185168253693338
20724,RED_RETROSPOT_CHARLOTTE_BAG,22355,CHARLOTTE_BAG_SUKI_DESIGN,0.814931793485912
20724,RED_RETROSPOT_CHARLOTTE_BAG,22356,CHARLOTTE_BAG_PINK_POLKADOT,0.85631424855304
20733,GOLD_MINI_TAPE_MEASURE_,20780,BLACK_EAR_MUFF_HEADPHONES,0.8171957444554687
20733,GOLD_MINI_TAPE_MEASURE_,21415,CLAM_SHELL_SMALL_,0.8396146227161098
20733,GOLD_MINI_TAPE_MEASURE_,21445,12_PINK_ROSE_PEG_PLACE_SETTINGS,0.8159330503253942
20733,GOLD_MINI_TAPE_MEASURE_,21664,RIDGED_GLASS_STORAGE_JAR_CREAM_LID,0.802202552613458
20733,GOLD_MINI_TAPE_MEASURE_,21666,RIDGED_GLASS_T-LIGHT_HOLDER,0.8239654174286904
20733,GOLD_MINI_TAPE_MEASURE_,21846,PINK_DIAMANTE_PEN_IN_GIFT_BOX,0.8131992521942234
20733,GOLD_MINI_TAPE_MEASURE_,21850,BLUE__DIAMANTE_PEN_IN_GIFT_BOX,0.8428060153514815
20733,GOLD_MINI_TAPE_MEASURE_,21942,SKULLS_DESIGN_FLANNEL,0.8450709747995959
20733,GOLD_MINI_TAPE_MEASURE_,84352,SILVER_CHRISTMAS_TREE_BAUBLE_STAND_,0.8391498325844349
20733,GOLD_MINI_TAPE_MEASURE_,85114C,RED_ENCHANTED_FOREST_PLACEMAT,0.8144290734592338
20735,BLACK_MINI_TAPE_MEASURE_,21157,RED_RETROSPOT_WASHBAG,0.8244498169167078
20735,BLACK_MINI_TAPE_MEASURE_,21270,ANTIQUE_CREAM_CUTLERY_CUPBOARD,0.9032964878405086
20735,BLACK_MINI_TAPE_MEASURE_,21446,12_RED_ROSE_PEG_PLACE_SETTINGS,0.806881170860526
20735,BLACK_MINI_TAPE_MEASURE_,21629,SQUARE_FLOOR_CUSHION_VINTAGE_RED,0.9150154083211233
20735,BLACK_MINI_TAPE_MEASURE_,21784,SHOE_SHINE_BOX_,0.9279043934533703
20735,BLACK_MINI_TAPE_MEASURE_,21925,UNION_STRIPE_CUSHION_COVER_,0.860586869910611
20735,BLACK_MINI_TAPE_MEASURE_,21926,RED/CREAM_STRIPE_CUSHION_COVER_,0.8712206344762827
20735,BLACK_MINI_TAPE_MEASURE_,21927,BLUE/CREAM_STRIPE_CUSHION_COVER_,0.8926281011097564
20735,BLACK_MINI_TAPE_MEASURE_,22041,"RECORD_FRAME_7""_SINGLE_SIZE_",0.8304023256583075
20735,BLACK_MINI_TAPE_MEASURE_,22134,MINI_LADLE_LOVE_HEART_RED_,0.8579496366170422
20735,BLACK_MINI_TAPE_MEASURE_,22135,LADLE_LOVE_HEART_PINK,0.8513193531440396
20735,BLACK_MINI_TAPE_MEASURE_,22221,CAKE_STAND_LOVEBIRD_2_TIER_PINK,0.8569444446348337
20735,BLACK_MINI_TAPE_MEASURE_,22255,FELT_TOADSTOOL__SMALL,0.8300267191428325
20735,BLACK_MINI_TAPE_MEASURE_,22467,GUMBALL_COAT_RACK,0.8442846227017492
20735,BLACK_MINI_TAPE_MEASURE_,22475,SKULL_DESIGN_TV_DINNER_TRAY,0.8260867343616547
20735,BLACK_MINI_TAPE_MEASURE_,22719,GUMBALL_MONOCHROME_COAT_RACK,0.8380081490551903
20735,BLACK_MINI_TAPE_MEASURE_,22760,"TRAY,_BREAKFAST_IN_BED",0.8611847204021436
20735,BLACK_MINI_TAPE_MEASURE_,22893,MINI_CAKE_STAND_T-LIGHT_HOLDER,0.8573066376520051
20735,BLACK_MINI_TAPE_MEASURE_,22954,HEN_PARTY_CORDON_BARRIER_TAPE,0.8052315233722724
20735,BLACK_MINI_TAPE_MEASURE_,23265,SET_OF_3_WOODEN_TREE_DECORATIONS,0.8007198887003496
20735,BLACK_MINI_TAPE_MEASURE_,35653,VINTAGE_BEAD_NOTEBOOK,0.8957232432931069
20735,BLACK_MINI_TAPE_MEASURE_,46000R,POLYESTER_FILLER_PAD_45x30cm,0.8708011151440969
20735,BLACK_MINI_TAPE_MEASURE_,46000U,POLYESTER_FILLER_PAD_30CMx30CM,0.8599836764095861
20735,BLACK_MINI_TAPE_MEASURE_,47421,ASSORTED_COLOUR_LIZARD_SUCTION_HOOK,0.903006418838874
20735,BLACK_MINI_TAPE_MEASURE_,47563A,RETRO_LONGBOARD_IRONING_BOARD_COVER,0.8688354413134448
20735,BLACK_MINI_TAPE_MEASURE_,71406C,BLACK_ORANGE_SQUEEZER,0.8993045790976119
20735,BLACK_MINI_TAPE_MEASURE_,84509B,SET_OF_4_FAIRY_CAKE_PLACEMATS,0.8209301038690454
20735,BLACK_MINI_TAPE_MEASURE_,84659A,WHITE_TRAVEL_ALARM_CLOCK,0.8072454201236637
20735,BLACK_MINI_TAPE_MEASURE_,85114A,BLACK_ENCHANTED_FOREST_PLACEMAT,0.8513407517433905
20735,BLACK_MINI_TAPE_MEASURE_,85114B,IVORY_ENCHANTED_FOREST_PLACEMAT,0.9000119461214916
20755,BLUE_PAISLEY_POCKET_BOOK,20757,RED_DAISY_POCKET_BOOK_,0.8143208389769983
20756,GREEN_FERN_POCKET_BOOK,20760,GARDEN_PATH_POCKET_BOOK,0.8420632026676194
20758,ABSTRACT_CIRCLES_POCKET_BOOK,20760,GARDEN_PATH_POCKET_BOOK,0.9201214557901686
20758,ABSTRACT_CIRCLES_POCKET_BOOK,22641,SET_OF_4_NAPKIN_CHARMS_INSTRUMENT,0.8675564016719834
20758,ABSTRACT_CIRCLES_POCKET_BOOK,84806B,WHITE_CANDYSTUFT_ARTIFICIAL_FLOWER,0.8553094052590464
20762,GREEN_FERN_SKETCHBOOK_,20765,CHRYSANTHEMUM_SKETCHBOOK_,0.8648360832518425
20771,CHRYSANTHEMUM__JOURNAL,20780,BLACK_EAR_MUFF_HEADPHONES,0.9269888802976148
20771,CHRYSANTHEMUM__JOURNAL,21415,CLAM_SHELL_SMALL_,0.9210368625118821
20771,CHRYSANTHEMUM__JOURNAL,21418,STARFISH_SOAP_DISH,0.8746302334429593
20771,CHRYSANTHEMUM__JOURNAL,21445,12_PINK_ROSE_PEG_PLACE_SETTINGS,0.8956450480731907
20771,CHRYSANTHEMUM__JOURNAL,21463,MIRRORED_DISCO_BALL_,0.8673344873134601
20771,CHRYSANTHEMUM__JOURNAL,21657,MILK_BOTTLE_WITH_GLASS_STOPPER_,0.9686094337121478
20771,CHRYSANTHEMUM__JOURNAL,21664,RIDGED_GLASS_STORAGE_JAR_CREAM_LID,0.8802581329963346
20771,CHRYSANTHEMUM__JOURNAL,21666,RIDGED_GLASS_T-LIGHT_HOLDER,0.9041088471776209
20771,CHRYSANTHEMUM__JOURNAL,21846,PINK_DIAMANTE_PEN_IN_GIFT_BOX,0.9776490715235138
20771,CHRYSANTHEMUM__JOURNAL,21849,SILVER_DIAMANTE_PEN_IN_GIFT_BOX,0.8655806340978596
20771,CHRYSANTHEMUM__JOURNAL,21850,BLUE__DIAMANTE_PEN_IN_GIFT_BOX,0.9244922496485344
20771,CHRYSANTHEMUM__JOURNAL,21942,SKULLS_DESIGN_FLANNEL,0.9269299892177753
20771,CHRYSANTHEMUM__JOURNAL,22201,FRYING_PAN_BLUE_POLKADOT,0.8466466997318892
20771,CHRYSANTHEMUM__JOURNAL,22363,GLASS_JAR_MARMALADE_,0.8090601550968041
20771,CHRYSANTHEMUM__JOURNAL,22504,CABIN_BAG_VINTAGE_RETROSPOT,0.9161473128005886
20771,CHRYSANTHEMUM__JOURNAL,84352,SILVER_CHRISTMAS_TREE_BAUBLE_STAND_,0.9206011368726047
20771,CHRYSANTHEMUM__JOURNAL,85169C,EAU_DE_NIL_LOVE_BIRD_CANDLE,0.8015600943152891
20780,BLACK_EAR_MUFF_HEADPHONES,21415,CLAM_SHELL_SMALL_,0.9591980919577925
20780,BLACK_EAR_MUFF_HEADPHONES,21445,12_PINK_ROSE_PEG_PLACE_SETTINGS,0.9330042712639676
20780,BLACK_EAR_MUFF_HEADPHONES,21463,MIRRORED_DISCO_BALL_,0.8751447271585692
20780,BLACK_EAR_MUFF_HEADPHONES,21657,MILK_BOTTLE_WITH_GLASS_STOPPER_,0.9075448443810209
20780,BLACK_EAR_MUFF_HEADPHONES,21664,RIDGED_GLASS_STORAGE_JAR_CREAM_LID,0.9168412677412013
20780,BLACK_EAR_MUFF_HEADPHONES,21666,RIDGED_GLASS_T-LIGHT_HOLDER,0.9416705388353968
20780,BLACK_EAR_MUFF_HEADPHONES,21774,DECORATIVE_CATS_BATHROOM_BOTTLE,0.8052118374607019
20780,BLACK_EAR_MUFF_HEADPHONES,21846,PINK_DIAMANTE_PEN_IN_GIFT_BOX,0.9559796424916744
20780,BLACK_EAR_MUFF_HEADPHONES,21849,SILVER_DIAMANTE_PEN_IN_GIFT_BOX,0.8111337047642128
20780,BLACK_EAR_MUFF_HEADPHONES,21850,BLUE__DIAMANTE_PEN_IN_GIFT_BOX,0.9627772433652637
20780,BLACK_EAR_MUFF_HEADPHONES,21942,SKULLS_DESIGN_FLANNEL,0.9652959976063479
20780,BLACK_EAR_MUFF_HEADPHONES,22201,FRYING_PAN_BLUE_POLKADOT,0.8496032080118957
20780,BLACK_EAR_MUFF_HEADPHONES,22363,GLASS_JAR_MARMALADE_,0.8643659792088224
20780,BLACK_EAR_MUFF_HEADPHONES,22504,CABIN_BAG_VINTAGE_RETROSPOT,0.8923621067725908
20780,BLACK_EAR_MUFF_HEADPHONES,84352,SILVER_CHRISTMAS_TREE_BAUBLE_STAND_,0.9587759321257252
20780,BLACK_EAR_MUFF_HEADPHONES,85169C,EAU_DE_NIL_LOVE_BIRD_CANDLE,0.8350589720613377
20819,SILVER_TEDDY_BEAR,21684,SMALL_MEDINA_STAMPED_METAL_BOWL_,0.9233664870030148
20867,PINK_ROSE_FABRIC_MIRROR,22688,DOORMAT_PEACE_ON_EARTH_BLUE,0.8165519026134659
20868,SILVER_FABRIC_MIRROR,20869,GOLD_FABRIC_MIRROR,0.8423612655234595
20969,RED_FLORAL_FELTCRAFT_SHOULDER_BAG,20970,PINK_FLORAL_FELTCRAFT_SHOULDER_BAG,0.8826429028077349
20998,ROSE_DU_SUD_OVEN_GLOVE,75131,METAL_TUBE_CHIME_ON_BAMBOO,0.8332971022231558
21026,SPACE_OWL,35819B,"ACRYLIC_HANGING_JEWEL,BLUE",0.8992561053860152
21028,NINJA_RABBIT_BLACK,21030,SPACE_CADET_RED,0.8124914698051883
21054,NURSE'S_BAG_SOFT_TOY,21056,DOCTOR'S_BAG_SOFT_TOY,0.8547197588547285
21055,TOOL_BOX_SOFT_TOY_,21056,DOCTOR'S_BAG_SOFT_TOY,0.8425189025474903
21064,BOOM_BOX_SPEAKER_BOYS,72131,COLUMBIAN_CANDLE_RECTANGLE,0.8250336352756203
21086,SET/6_RED_SPOTTY_PAPER_CUPS,21094,SET/6_RED_SPOTTY_PAPER_PLATES,0.9007214924786867
21088,SET/6_FRUIT_SALAD_PAPER_CUPS,21096,SET/6_FRUIT_SALAD__PAPER_PLATES,0.9343680405136144
21128,GOLD_FISHING_GNOME,21132,SILVER_STANDING_GNOME___,0.8163969851731864
21131,GOLD_STANDING_GNOME,21270,ANTIQUE_CREAM_CUTLERY_CUPBOARD,0.8316932728651427
21131,GOLD_STANDING_GNOME,21925,UNION_STRIPE_CUSHION_COVER_,0.8218228676457606
21131,GOLD_STANDING_GNOME,21926,RED/CREAM_STRIPE_CUSHION_COVER_,0.815546949356247
21131,GOLD_STANDING_GNOME,21927,BLUE/CREAM_STRIPE_CUSHION_COVER_,0.8281611926233178
21131,GOLD_STANDING_GNOME,22041,"RECORD_FRAME_7""_SINGLE_SIZE_",0.8025141512033275
21131,GOLD_STANDING_GNOME,22760,"TRAY,_BREAKFAST_IN_BED",0.8519543097189698
21131,GOLD_STANDING_GNOME,23264,SET_OF_3_WOODEN_SLEIGH_DECORATIONS,0.812182617834386
21131,GOLD_STANDING_GNOME,23266,SET_OF_3_WOODEN_STOCKING_DECORATION,0.8054341195334521
21131,GOLD_STANDING_GNOME,35653,VINTAGE_BEAD_NOTEBOOK,0.8247028283779507
21131,GOLD_STANDING_GNOME,46000R,POLYESTER_FILLER_PAD_45x30cm,0.8017194551946042
21131,GOLD_STANDING_GNOME,47421,ASSORTED_COLOUR_LIZARD_SUCTION_HOOK,0.8314238574747165
21131,GOLD_STANDING_GNOME,47563A,RETRO_LONGBOARD_IRONING_BOARD_COVER,0.8314544121800681
21131,GOLD_STANDING_GNOME,51020A,SUMMER_FUN_DESIGN_SHOWER_CAP,0.8725252666319269
21131,GOLD_STANDING_GNOME,51020B,STRIPY_DESIGN_SHOWER_CAP,0.801470934154371
21131,GOLD_STANDING_GNOME,71406C,BLACK_ORANGE_SQUEEZER,0.8280088000740384
21131,GOLD_STANDING_GNOME,72800E,4_IVORY_DINNER_CANDLES_SILVER_FLOCK,0.8531053313544047
21157,RED_RETROSPOT_WASHBAG,21784,SHOE_SHINE_BOX_,0.8570350773813978
21157,RED_RETROSPOT_WASHBAG,85114A,BLACK_ENCHANTED_FOREST_PLACEMAT,0.8293185530866967
21194,PINK__HONEYCOMB_PAPER_FAN,21209,MULTICOLOUR_HONEYCOMB_FAN,0.9520202556455578
21231,SWEETHEART_CERAMIC_TRINKET_BOX,21232,STRAWBERRY_CERAMIC_TRINKET_BOX,0.8756544431275314
21232,STRAWBERRY_CERAMIC_TRINKET_BOX,22064,PINK_DOUGHNUT_TRINKET_POT_,0.8049224619624349
21239,PINK__POLKADOT_CUP,21240,BLUE_POLKADOT_CUP,0.8007090807205518
21239,PINK__POLKADOT_CUP,21243,PINK__POLKADOT_PLATE_,0.8324518646191954
21239,PINK__POLKADOT_CUP,21244,BLUE_POLKADOT_PLATE_,0.8374698458921812
21243,PINK__POLKADOT_PLATE_,21244,BLUE_POLKADOT_PLATE_,0.8698987316996661
21243,PINK__POLKADOT_PLATE_,21245,GREEN_POLKADOT_PLATE_,0.8768119742432512
21244,BLUE_POLKADOT_PLATE_,21245,GREEN_POLKADOT_PLATE_,0.8235029881878683
21245,GREEN_POLKADOT_PLATE_,84997A,GREEN_3_PIECE_POLKADOT_CUTLERY_SET,0.8058489269038157
21246,RED_RETROSPOT_BIG_BOWL,21418,STARFISH_SOAP_DISH,0.8023682006845917
21249,WOODLAND__HEIGHT_CHART_STICKERS_,21251,DINOSAUR_HEIGHT_CHART_STICKER_SET,0.9475580334596138
21265,PINK_GOOSE_FEATHER_TREE_60CM,85104,SILVER_GLASS_T-LIGHT_SET,0.8956318981631829
21270,ANTIQUE_CREAM_CUTLERY_CUPBOARD,21629,SQUARE_FLOOR_CUSHION_VINTAGE_RED,0.882631530970365
21270,ANTIQUE_CREAM_CUTLERY_CUPBOARD,21784,SHOE_SHINE_BOX_,0.8039460311199867
21270,ANTIQUE_CREAM_CUTLERY_CUPBOARD,21925,UNION_STRIPE_CUSHION_COVER_,0.9534664565958145
21270,ANTIQUE_CREAM_CUTLERY_CUPBOARD,21926,RED/CREAM_STRIPE_CUSHION_COVER_,0.9652340760016688
21270,ANTIQUE_CREAM_CUTLERY_CUPBOARD,21927,BLUE/CREAM_STRIPE_CUSHION_COVER_,0.9886855496033004
21270,ANTIQUE_CREAM_CUTLERY_CUPBOARD,22041,"RECORD_FRAME_7""_SINGLE_SIZE_",0.920771386409935
21270,ANTIQUE_CREAM_CUTLERY_CUPBOARD,22134,MINI_LADLE_LOVE_HEART_RED_,0.9126671138151584
21270,ANTIQUE_CREAM_CUTLERY_CUPBOARD,22135,LADLE_LOVE_HEART_PINK,0.8853814812149791
21270,ANTIQUE_CREAM_CUTLERY_CUPBOARD,22221,CAKE_STAND_LOVEBIRD_2_TIER_PINK,0.8265639999119414
21270,ANTIQUE_CREAM_CUTLERY_CUPBOARD,22222,CAKE_PLATE_LOVEBIRD_WHITE,0.8856733717304895
21270,ANTIQUE_CREAM_CUTLERY_CUPBOARD,22255,FELT_TOADSTOOL__SMALL,0.9195357578836546
21270,ANTIQUE_CREAM_CUTLERY_CUPBOARD,22428,ENAMEL_FIRE_BUCKET_CREAM,0.8247587614418939
21270,ANTIQUE_CREAM_CUTLERY_CUPBOARD,22467,GUMBALL_COAT_RACK,0.8574607416361211
21270,ANTIQUE_CREAM_CUTLERY_CUPBOARD,22475,SKULL_DESIGN_TV_DINNER_TRAY,0.8983011942524698
21270,ANTIQUE_CREAM_CUTLERY_CUPBOARD,22595,CHRISTMAS_GINGHAM_HEART,0.8078505656105092
21270,ANTIQUE_CREAM_CUTLERY_CUPBOARD,22719,GUMBALL_MONOCHROME_COAT_RACK,0.9289162404984338
21270,ANTIQUE_CREAM_CUTLERY_CUPBOARD,22760,"TRAY,_BREAKFAST_IN_BED",0.954470275323523
21270,ANTIQUE_CREAM_CUTLERY_CUPBOARD,22788,BROCANTE_COAT_RACK,0.8016463337063289
21270,ANTIQUE_CREAM_CUTLERY_CUPBOARD,22893,MINI_CAKE_STAND_T-LIGHT_HOLDER,0.9500977002371123
21270,ANTIQUE_CREAM_CUTLERY_CUPBOARD,22954,HEN_PARTY_CORDON_BARRIER_TAPE,0.8652327130522811
21270,ANTIQUE_CREAM_CUTLERY_CUPBOARD,23263,SET_OF_3_WOODEN_HEART_DECORATIONS,0.8413954096108122
21270,ANTIQUE_CREAM_CUTLERY_CUPBOARD,23264,SET_OF_3_WOODEN_SLEIGH_DECORATIONS,0.8666476429796748
21270,ANTIQUE_CREAM_CUTLERY_CUPBOARD,23265,SET_OF_3_WOODEN_TREE_DECORATIONS,0.889820727454512
21270,ANTIQUE_CREAM_CUTLERY_CUPBOARD,23266,SET_OF_3_WOODEN_STOCKING_DECORATION,0.8773072770668617
21270,ANTIQUE_CREAM_CUTLERY_CUPBOARD,35653,VINTAGE_BEAD_NOTEBOOK,0.9918474135460733
21270,ANTIQUE_CREAM_CUTLERY_CUPBOARD,46000R,POLYESTER_FILLER_PAD_45x30cm,0.9647431478544979
21270,ANTIQUE_CREAM_CUTLERY_CUPBOARD,46000U,POLYESTER_FILLER_PAD_30CMx30CM,0.9525744464800541
21270,ANTIQUE_CREAM_CUTLERY_CUPBOARD,47421,ASSORTED_COLOUR_LIZARD_SUCTION_HOOK,0.9997097804900559
21270,ANTIQUE_CREAM_CUTLERY_CUPBOARD,47563A,RETRO_LONGBOARD_IRONING_BOARD_COVER,0.9627956583235078
21270,ANTIQUE_CREAM_CUTLERY_CUPBOARD,71406C,BLACK_ORANGE_SQUEEZER,0.9956995718178173
21270,ANTIQUE_CREAM_CUTLERY_CUPBOARD,79160,HEART_SHAPE_WIRELESS_DOORBELL,0.8294781847270611
21270,ANTIQUE_CREAM_CUTLERY_CUPBOARD,79321,CHILLI_LIGHTS,0.8763277320497636
21270,ANTIQUE_CREAM_CUTLERY_CUPBOARD,82001S,VINYL_RECORD_FRAME_SILVER,0.841968318167522
21270,ANTIQUE_CREAM_CUTLERY_CUPBOARD,84341B,SMALL_PINK_MAGIC_CHRISTMAS_TREE,0.8251892343360803
21270,ANTIQUE_CREAM_CUTLERY_CUPBOARD,84509B,SET_OF_4_FAIRY_CAKE_PLACEMATS,0.8191467765754261
21270,ANTIQUE_CREAM_CUTLERY_CUPBOARD,84659A,WHITE_TRAVEL_ALARM_CLOCK,0.8942402292534932
21270,ANTIQUE_CREAM_CUTLERY_CUPBOARD,85114B,IVORY_ENCHANTED_FOREST_PLACEMAT,0.9566860336993123
21285,RETROSPOT_CANDLE__MEDIUM,22157,ANGEL_DECORATION_WITH_LACE_PADDED,0.8718057457816927
21289,LARGE_STRIPES_CHOCOLATE_GIFT_BAG,21292,SMALL_STRIPES_CHOCOLATE_GIFT_BAG_,0.8546666267733201
21324,HANGING_MEDINA_LANTERN_SMALL,85130A,BEADED_PEARL_HEART_WHITE_LARGE,0.8253180515269515
21377,SMALL_CAMPHOR_WOOD_FIELD__MUSHROOM,21379,CAMPHOR_WOOD_PORTOBELLO_MUSHROOM,0.9200721505957791
21378,SMALL_TALL_CAMPHOR_WOOD_TOADSTOOL,21379,CAMPHOR_WOOD_PORTOBELLO_MUSHROOM,0.8132421698798672
21394,RED_POLKADOT_BEAKER_,21395,BLUE_POLKADOT_BEAKER_,0.880755991067339
21400,RED_PUDDING_SPOON,21401,BLUE_PUDDING_SPOON,0.8686175273188785
21415,CLAM_SHELL_SMALL_,21445,12_PINK_ROSE_PEG_PLACE_SETTINGS,0.9579400424191639
21415,CLAM_SHELL_SMALL_,21463,MIRRORED_DISCO_BALL_,0.88672307770513
21415,CLAM_SHELL_SMALL_,21657,MILK_BOTTLE_WITH_GLASS_STOPPER_,0.887171037863859
21415,CLAM_SHELL_SMALL_,21664,RIDGED_GLASS_STORAGE_JAR_CREAM_LID,0.941159554192249
21415,CLAM_SHELL_SMALL_,21666,RIDGED_GLASS_T-LIGHT_HOLDER,0.9666298915251709
21415,CLAM_SHELL_SMALL_,21774,DECORATIVE_CATS_BATHROOM_BOTTLE,0.8230874656002076
21415,CLAM_SHELL_SMALL_,21828,EIGHT_PIECE_SNAKE__SET,0.8028116798171631
21415,CLAM_SHELL_SMALL_,21846,PINK_DIAMANTE_PEN_IN_GIFT_BOX,0.9539337949083958
21415,CLAM_SHELL_SMALL_,21850,BLUE__DIAMANTE_PEN_IN_GIFT_BOX,0.9881253289787744
21415,CLAM_SHELL_SMALL_,21942,SKULLS_DESIGN_FLANNEL,0.9906828442640437
21415,CLAM_SHELL_SMALL_,22201,FRYING_PAN_BLUE_POLKADOT,0.8584960829690533
21415,CLAM_SHELL_SMALL_,22363,GLASS_JAR_MARMALADE_,0.8661281681921857
21415,CLAM_SHELL_SMALL_,22476,EMPIRE_UNION_JACK_TV_DINNER_TRAY,0.816946427500569
21415,CLAM_SHELL_SMALL_,22504,CABIN_BAG_VINTAGE_RETROSPOT,0.8890195438006486
21415,CLAM_SHELL_SMALL_,84352,SILVER_CHRISTMAS_TREE_BAUBLE_STAND_,0.984089070654592
21415,CLAM_SHELL_SMALL_,85114C,RED_ENCHANTED_FOREST_PLACEMAT,0.8151359092470141
21415,CLAM_SHELL_SMALL_,85169C,EAU_DE_NIL_LOVE_BIRD_CANDLE,0.8574656346894465
21417,COCKLE_SHELL_DISH,84687,BEACH_HUT_SHELF_W_3_DRAWERS,0.8317593143607934
21418,STARFISH_SOAP_DISH,21657,MILK_BOTTLE_WITH_GLASS_STOPPER_,0.948484475183823
21418,STARFISH_SOAP_DISH,21846,PINK_DIAMANTE_PEN_IN_GIFT_BOX,0.873725375939994
21418,STARFISH_SOAP_DISH,21849,SILVER_DIAMANTE_PEN_IN_GIFT_BOX,0.8478519994285885
21418,STARFISH_SOAP_DISH,22504,CABIN_BAG_VINTAGE_RETROSPOT,0.8263371035153728
21442,GREEN_BIRDHOUSE_DECORATION,21644,ASSORTED_TUTTI_FRUTTI_HEART_BOX,0.8971712751088544
21442,GREEN_BIRDHOUSE_DECORATION,47420,ASSORTED_COLOUR_SUCTION_CUP_HOOK,0.8570746312124505
21445,12_PINK_ROSE_PEG_PLACE_SETTINGS,21463,MIRRORED_DISCO_BALL_,0.8612964280141855
21445,12_PINK_ROSE_PEG_PLACE_SETTINGS,21657,MILK_BOTTLE_WITH_GLASS_STOPPER_,0.8629441349066699
21445,12_PINK_ROSE_PEG_PLACE_SETTINGS,21664,RIDGED_GLASS_STORAGE_JAR_CREAM_LID,0.915605385152102
21445,12_PINK_ROSE_PEG_PLACE_SETTINGS,21666,RIDGED_GLASS_T-LIGHT_HOLDER,0.9404049801630041
21445,12_PINK_ROSE_PEG_PLACE_SETTINGS,21846,PINK_DIAMANTE_PEN_IN_GIFT_BOX,0.9280753466796198
21445,12_PINK_ROSE_PEG_PLACE_SETTINGS,21850,BLUE__DIAMANTE_PEN_IN_GIFT_BOX,0.9615203099742463
21445,12_PINK_ROSE_PEG_PLACE_SETTINGS,21942,SKULLS_DESIGN_FLANNEL,0.9640417464830094
21445,12_PINK_ROSE_PEG_PLACE_SETTINGS,22201,FRYING_PAN_BLUE_POLKADOT,0.8342769075886807
21445,12_PINK_ROSE_PEG_PLACE_SETTINGS,22363,GLASS_JAR_MARMALADE_,0.8507007402439958
21445,12_PINK_ROSE_PEG_PLACE_SETTINGS,22504,CABIN_BAG_VINTAGE_RETROSPOT,0.8645796222217739
21445,12_PINK_ROSE_PEG_PLACE_SETTINGS,84352,SILVER_CHRISTMAS_TREE_BAUBLE_STAND_,0.9575089673064229
21445,12_PINK_ROSE_PEG_PLACE_SETTINGS,85169C,EAU_DE_NIL_LOVE_BIRD_CANDLE,0.8338775165116834
21459,YELLOW_EASTER_EGG_HUNT_START_POST,22529,MAGIC_DRAWING_SLATE_GO_TO_THE_FAIR_,0.8129608708250959
21459,YELLOW_EASTER_EGG_HUNT_START_POST,84920,PINK_FLOWER_FABRIC_PONY,0.8855785675114491
21463,MIRRORED_DISCO_BALL_,21657,MILK_BOTTLE_WITH_GLASS_STOPPER_,0.8554504615540995
21463,MIRRORED_DISCO_BALL_,21664,RIDGED_GLASS_STORAGE_JAR_CREAM_LID,0.8470262789151101
21463,MIRRORED_DISCO_BALL_,21666,RIDGED_GLASS_T-LIGHT_HOLDER,0.8700262621701967
21463,MIRRORED_DISCO_BALL_,21846,PINK_DIAMANTE_PEN_IN_GIFT_BOX,0.8940087098552386
21463,MIRRORED_DISCO_BALL_,21850,BLUE__DIAMANTE_PEN_IN_GIFT_BOX,0.8901258384207629
21463,MIRRORED_DISCO_BALL_,21942,SKULLS_DESIGN_FLANNEL,0.8925511612994014
21463,MIRRORED_DISCO_BALL_,22504,CABIN_BAG_VINTAGE_RETROSPOT,0.8341815269421143
21463,MIRRORED_DISCO_BALL_,84352,SILVER_CHRISTMAS_TREE_BAUBLE_STAND_,0.8861795589865489
21463,MIRRORED_DISCO_BALL_,85169C,EAU_DE_NIL_LOVE_BIRD_CANDLE,0.8129516467056478
21558,SKULL_LUNCH_BOX_WITH_CUTLERY_,21559,STRAWBERRY_LUNCH_BOX_WITH_CUTLERY,0.8470274176710805
21627,ELEPHANT_CARNIVAL_POUFFE,21630,FLOOR_CUSHION_ELEPHANT_CARNIVAL,0.9098115092799354
21627,ELEPHANT_CARNIVAL_POUFFE,22414,DOORMAT_NEIGHBOURHOOD_WITCH_,0.8044074124252052
21629,SQUARE_FLOOR_CUSHION_VINTAGE_RED,21784,SHOE_SHINE_BOX_,0.8564114194607867
21629,SQUARE_FLOOR_CUSHION_VINTAGE_RED,21925,UNION_STRIPE_CUSHION_COVER_,0.840477751121088
21629,SQUARE_FLOOR_CUSHION_VINTAGE_RED,21926,RED/CREAM_STRIPE_CUSHION_COVER_,0.8508708084643808
21629,SQUARE_FLOOR_CUSHION_VINTAGE_RED,21927,BLUE/CREAM_STRIPE_CUSHION_COVER_,0.9004899885054329
21629,SQUARE_FLOOR_CUSHION_VINTAGE_RED,22041,"RECORD_FRAME_7""_SINGLE_SIZE_",0.8105779769031469
21629,SQUARE_FLOOR_CUSHION_VINTAGE_RED,22134,MINI_LADLE_LOVE_HEART_RED_,0.8292877342049054
21629,SQUARE_FLOOR_CUSHION_VINTAGE_RED,22135,LADLE_LOVE_HEART_PINK,0.8184149592123757
21629,SQUARE_FLOOR_CUSHION_VINTAGE_RED,22221,CAKE_STAND_LOVEBIRD_2_TIER_PINK,0.809688196316973
21629,SQUARE_FLOOR_CUSHION_VINTAGE_RED,22255,FELT_TOADSTOOL__SMALL,0.8106723956001535
21629,SQUARE_FLOOR_CUSHION_VINTAGE_RED,22467,GUMBALL_COAT_RACK,0.8052337155238357
21629,SQUARE_FLOOR_CUSHION_VINTAGE_RED,22475,SKULL_DESIGN_TV_DINNER_TRAY,0.8023961311206228
21629,SQUARE_FLOOR_CUSHION_VINTAGE_RED,22719,GUMBALL_MONOCHROME_COAT_RACK,0.818164708021374
21629,SQUARE_FLOOR_CUSHION_VINTAGE_RED,22760,"TRAY,_BREAKFAST_IN_BED",0.8513330777815113
21629,SQUARE_FLOOR_CUSHION_VINTAGE_RED,22893,MINI_CAKE_STAND_T-LIGHT_HOLDER,0.837124731219181
21629,SQUARE_FLOOR_CUSHION_VINTAGE_RED,35653,VINTAGE_BEAD_NOTEBOOK,0.8751012857375018
21629,SQUARE_FLOOR_CUSHION_VINTAGE_RED,46000R,POLYESTER_FILLER_PAD_45x30cm,0.8504758002896572
21629,SQUARE_FLOOR_CUSHION_VINTAGE_RED,46000U,POLYESTER_FILLER_PAD_30CMx30CM,0.8400145715610875
21629,SQUARE_FLOOR_CUSHION_VINTAGE_RED,47421,ASSORTED_COLOUR_LIZARD_SUCTION_HOOK,0.882330704032536
21629,SQUARE_FLOOR_CUSHION_VINTAGE_RED,47563A,RETRO_LONGBOARD_IRONING_BOARD_COVER,0.8484264153747757
21629,SQUARE_FLOOR_CUSHION_VINTAGE_RED,71406C,BLACK_ORANGE_SQUEEZER,0.8786640572783464
21629,SQUARE_FLOOR_CUSHION_VINTAGE_RED,85114B,IVORY_ENCHANTED_FOREST_PLACEMAT,0.8698861927537784
21631,HIPPY_CHIC_DECORATIVE_PARASOL,22049,WRAP_CHRISTMAS_SCREEN_PRINT,0.9359402284076598
21631,HIPPY_CHIC_DECORATIVE_PARASOL,22124,SET_OF_2_TEA_TOWELS_PING_MICROWAVE,0.898039933799133
21631,HIPPY_CHIC_DECORATIVE_PARASOL,37479P,CUBIC_MUG_FLOCK_PINK_ON_BROWN,0.8166439099717397
21631,HIPPY_CHIC_DECORATIVE_PARASOL,72127,COLUMBIAN_CANDLE_ROUND_,0.9566981261577922
21631,HIPPY_CHIC_DECORATIVE_PARASOL,72128,COLUMBIAN_CANDLE_ROUND,0.9761657899205638
21631,HIPPY_CHIC_DECORATIVE_PARASOL,72130,COLUMBIAN_CANDLE_ROUND,0.9847476862583612
21631,HIPPY_CHIC_DECORATIVE_PARASOL,72131,COLUMBIAN_CANDLE_RECTANGLE,0.9863846820476835
21631,HIPPY_CHIC_DECORATIVE_PARASOL,72586,SET_OF_6_HALLOWEEN_GHOST_T-LIGHTS,0.9087026149527946
21631,HIPPY_CHIC_DECORATIVE_PARASOL,72799E,IVORY_PILLAR_CANDLE_SILVER_FLOCK,0.8443731268600347
21631,HIPPY_CHIC_DECORATIVE_PARASOL,85107,CUT_GLASS_T-LIGHT_HOLDER_OCTAGON,0.9630907773323467
21631,HIPPY_CHIC_DECORATIVE_PARASOL,85230G,ORANGE_VOTIVE_CANDLE,0.8321433313583727
21631,HIPPY_CHIC_DECORATIVE_PARASOL,90114,SUMMER_DAISIES_BAG_CHARM,1.000000000000004
21644,ASSORTED_TUTTI_FRUTTI_HEART_BOX,47420,ASSORTED_COLOUR_SUCTION_CUP_HOOK,0.8298496831577356
21656,RIDGED_GLASS_POSY_VASE_,22257,FELT_FARM_ANIMAL_SHEEP,0.9298887731810811
21657,MILK_BOTTLE_WITH_GLASS_STOPPER_,21664,RIDGED_GLASS_STORAGE_JAR_CREAM_LID,0.8479948259677689
21657,MILK_BOTTLE_WITH_GLASS_STOPPER_,21666,RIDGED_GLASS_T-LIGHT_HOLDER,0.8709596445915024
21657,MILK_BOTTLE_WITH_GLASS_STOPPER_,21846,PINK_DIAMANTE_PEN_IN_GIFT_BOX,0.982824149186491
21657,MILK_BOTTLE_WITH_GLASS_STOPPER_,21849,SILVER_DIAMANTE_PEN_IN_GIFT_BOX,0.8940903237261911
21657,MILK_BOTTLE_WITH_GLASS_STOPPER_,21850,BLUE__DIAMANTE_PEN_IN_GIFT_BOX,0.8904814275481543
21657,MILK_BOTTLE_WITH_GLASS_STOPPER_,21942,SKULLS_DESIGN_FLANNEL,0.8928110462504154
21657,MILK_BOTTLE_WITH_GLASS_STOPPER_,22201,FRYING_PAN_BLUE_POLKADOT,0.8377275283249924
21657,MILK_BOTTLE_WITH_GLASS_STOPPER_,22504,CABIN_BAG_VINTAGE_RETROSPOT,0.9236179778554273
21657,MILK_BOTTLE_WITH_GLASS_STOPPER_,84352,SILVER_CHRISTMAS_TREE_BAUBLE_STAND_,0.8867805783961847
21662,VINTAGE_GLASS_COFFEE_CADDY,21664,RIDGED_GLASS_STORAGE_JAR_CREAM_LID,0.8940524048150325
21664,RIDGED_GLASS_STORAGE_JAR_CREAM_LID,21666,RIDGED_GLASS_T-LIGHT_HOLDER,0.9240215131447467
21664,RIDGED_GLASS_STORAGE_JAR_CREAM_LID,21846,PINK_DIAMANTE_PEN_IN_GIFT_BOX,0.9118948671513032
21664,RIDGED_GLASS_STORAGE_JAR_CREAM_LID,21850,BLUE__DIAMANTE_PEN_IN_GIFT_BOX,0.9446599860332078
21664,RIDGED_GLASS_STORAGE_JAR_CREAM_LID,21942,SKULLS_DESIGN_FLANNEL,0.9471196180433156
21664,RIDGED_GLASS_STORAGE_JAR_CREAM_LID,22201,FRYING_PAN_BLUE_POLKADOT,0.8202404312558143
21664,RIDGED_GLASS_STORAGE_JAR_CREAM_LID,22363,GLASS_JAR_MARMALADE_,0.8276090701073255
21664,RIDGED_GLASS_STORAGE_JAR_CREAM_LID,22504,CABIN_BAG_VINTAGE_RETROSPOT,0.8496892353077975
21664,RIDGED_GLASS_STORAGE_JAR_CREAM_LID,84352,SILVER_CHRISTMAS_TREE_BAUBLE_STAND_,0.9407639286723243
21664,RIDGED_GLASS_STORAGE_JAR_CREAM_LID,85169C,EAU_DE_NIL_LOVE_BIRD_CANDLE,0.8195243004624834
21666,RIDGED_GLASS_T-LIGHT_HOLDER,21774,DECORATIVE_CATS_BATHROOM_BOTTLE,0.8077793110967024
21666,RIDGED_GLASS_T-LIGHT_HOLDER,21846,PINK_DIAMANTE_PEN_IN_GIFT_BOX,0.9365804767318755
21666,RIDGED_GLASS_T-LIGHT_HOLDER,21850,BLUE__DIAMANTE_PEN_IN_GIFT_BOX,0.9702234388293874
21666,RIDGED_GLASS_T-LIGHT_HOLDER,21942,SKULLS_DESIGN_FLANNEL,0.972747970670204
21666,RIDGED_GLASS_T-LIGHT_HOLDER,22201,FRYING_PAN_BLUE_POLKADOT,0.842492899412504
21666,RIDGED_GLASS_T-LIGHT_HOLDER,22363,GLASS_JAR_MARMALADE_,0.8500527313947307
21666,RIDGED_GLASS_T-LIGHT_HOLDER,22476,EMPIRE_UNION_JACK_TV_DINNER_TRAY,0.8014341525982741
21666,RIDGED_GLASS_T-LIGHT_HOLDER,22504,CABIN_BAG_VINTAGE_RETROSPOT,0.8727081743914611
21666,RIDGED_GLASS_T-LIGHT_HOLDER,84352,SILVER_CHRISTMAS_TREE_BAUBLE_STAND_,0.966226192397543
21666,RIDGED_GLASS_T-LIGHT_HOLDER,85169C,EAU_DE_NIL_LOVE_BIRD_CANDLE,0.8417268333937575
21668,RED_STRIPE_CERAMIC_DRAWER_KNOB,21669,BLUE_STRIPE_CERAMIC_DRAWER_KNOB,0.8818804275976606
21668,RED_STRIPE_CERAMIC_DRAWER_KNOB,21672,WHITE_SPOT_RED_CERAMIC_DRAWER_KNOB,0.91620956392823
21668,RED_STRIPE_CERAMIC_DRAWER_KNOB,21673,WHITE_SPOT_BLUE_CERAMIC_DRAWER_KNOB,0.8854673220853851
21669,BLUE_STRIPE_CERAMIC_DRAWER_KNOB,21672,WHITE_SPOT_RED_CERAMIC_DRAWER_KNOB,0.8343558275902531
21669,BLUE_STRIPE_CERAMIC_DRAWER_KNOB,21673,WHITE_SPOT_BLUE_CERAMIC_DRAWER_KNOB,0.8597652987486122
21672,WHITE_SPOT_RED_CERAMIC_DRAWER_KNOB,21673,WHITE_SPOT_BLUE_CERAMIC_DRAWER_KNOB,0.8863213118915106
21730,GLASS_STAR_FROSTED_T-LIGHT_HOLDER,22632,HAND_WARMER_RED_POLKA_DOT,0.816638337146264
21730,GLASS_STAR_FROSTED_T-LIGHT_HOLDER,84029E,RED_WOOLLY_HOTTIE_WHITE_HEART.,0.8022848908958983
21741,COSY_SLIPPER_SHOES_LARGE_GREEN,23537,WALL_ART_I_LOVE_LONDON_,0.8176330812917205
21774,DECORATIVE_CATS_BATHROOM_BOTTLE,21846,PINK_DIAMANTE_PEN_IN_GIFT_BOX,0.8086814519129653
21774,DECORATIVE_CATS_BATHROOM_BOTTLE,21850,BLUE__DIAMANTE_PEN_IN_GIFT_BOX,0.8262097493789594
21774,DECORATIVE_CATS_BATHROOM_BOTTLE,21942,SKULLS_DESIGN_FLANNEL,0.8284236463062746
21774,DECORATIVE_CATS_BATHROOM_BOTTLE,84352,SILVER_CHRISTMAS_TREE_BAUBLE_STAND_,0.822642073021068
21784,SHOE_SHINE_BOX_,22221,CAKE_STAND_LOVEBIRD_2_TIER_PINK,0.8021300901157856
21784,SHOE_SHINE_BOX_,47421,ASSORTED_COLOUR_LIZARD_SUCTION_HOOK,0.8036567205981374
21784,SHOE_SHINE_BOX_,71406C,BLACK_ORANGE_SQUEEZER,0.8002734086665392
21784,SHOE_SHINE_BOX_,85114A,BLACK_ENCHANTED_FOREST_PLACEMAT,0.8538117867907564
21784,SHOE_SHINE_BOX_,85114B,IVORY_ENCHANTED_FOREST_PLACEMAT,0.8133574823907805
21788,KIDS_RAIN_MAC_BLUE,21789,KIDS_RAIN_MAC_PINK,0.9854289954423208
21801,CHRISTMAS_TREE_DECORATION_WITH_BELL,21803,CHRISTMAS_TREE_STAR_DECORATION,0.8549528563717184
21828,EIGHT_PIECE_SNAKE__SET,21846,PINK_DIAMANTE_PEN_IN_GIFT_BOX,0.8066003077421408
21828,EIGHT_PIECE_SNAKE__SET,21850,BLUE__DIAMANTE_PEN_IN_GIFT_BOX,0.8059003531235474
21828,EIGHT_PIECE_SNAKE__SET,21942,SKULLS_DESIGN_FLANNEL,0.8081043233778518
21828,EIGHT_PIECE_SNAKE__SET,84352,SILVER_CHRISTMAS_TREE_BAUBLE_STAND_,0.8023066897602545
21846,PINK_DIAMANTE_PEN_IN_GIFT_BOX,21849,SILVER_DIAMANTE_PEN_IN_GIFT_BOX,0.8788377051390781
21846,PINK_DIAMANTE_PEN_IN_GIFT_BOX,21850,BLUE__DIAMANTE_PEN_IN_GIFT_BOX,0.9574784349272326
21846,PINK_DIAMANTE_PEN_IN_GIFT_BOX,21942,SKULLS_DESIGN_FLANNEL,0.959968048802567
21846,PINK_DIAMANTE_PEN_IN_GIFT_BOX,22201,FRYING_PAN_BLUE_POLKADOT,0.8713427057037555
21846,PINK_DIAMANTE_PEN_IN_GIFT_BOX,22363,GLASS_JAR_MARMALADE_,0.8389367644726734
21846,PINK_DIAMANTE_PEN_IN_GIFT_BOX,22504,CABIN_BAG_VINTAGE_RETROSPOT,0.9367036094012945
21846,PINK_DIAMANTE_PEN_IN_GIFT_BOX,84352,SILVER_CHRISTMAS_TREE_BAUBLE_STAND_,0.9535381819298766
21846,PINK_DIAMANTE_PEN_IN_GIFT_BOX,85169C,EAU_DE_NIL_LOVE_BIRD_CANDLE,0.8306966113322687
21849,SILVER_DIAMANTE_PEN_IN_GIFT_BOX,21850,BLUE__DIAMANTE_PEN_IN_GIFT_BOX,0.81449918932572
21849,SILVER_DIAMANTE_PEN_IN_GIFT_BOX,22504,CABIN_BAG_VINTAGE_RETROSPOT,0.8254445332378572
21850,BLUE__DIAMANTE_PEN_IN_GIFT_BOX,21942,SKULLS_DESIGN_FLANNEL,0.9943474695097244
21850,BLUE__DIAMANTE_PEN_IN_GIFT_BOX,22201,FRYING_PAN_BLUE_POLKADOT,0.8617596359646013
21850,BLUE__DIAMANTE_PEN_IN_GIFT_BOX,22363,GLASS_JAR_MARMALADE_,0.8694073948652782
21850,BLUE__DIAMANTE_PEN_IN_GIFT_BOX,22476,EMPIRE_UNION_JACK_TV_DINNER_TRAY,0.820106065261497
21850,BLUE__DIAMANTE_PEN_IN_GIFT_BOX,22504,CABIN_BAG_VINTAGE_RETROSPOT,0.892349443119811
21850,BLUE__DIAMANTE_PEN_IN_GIFT_BOX,84352,SILVER_CHRISTMAS_TREE_BAUBLE_STAND_,0.9877383309250132
21850,BLUE__DIAMANTE_PEN_IN_GIFT_BOX,85114C,RED_ENCHANTED_FOREST_PLACEMAT,0.8182439429858323
21850,BLUE__DIAMANTE_PEN_IN_GIFT_BOX,85169C,EAU_DE_NIL_LOVE_BIRD_CANDLE,0.8606785597763476
21864,UNION_JACK_FLAG_PASSPORT_COVER_,21865,PINK_UNION_JACK__PASSPORT_COVER_,0.8867018875130918
21899,"KEY_FOB_,_GARAGE_DESIGN",21900,"KEY_FOB_,_SHED",0.9203040499821251
21899,"KEY_FOB_,_GARAGE_DESIGN",21901,"KEY_FOB_,_BACK_DOOR_",0.8683416399750945
21900,"KEY_FOB_,_SHED",21901,"KEY_FOB_,_BACK_DOOR_",0.9093716703827284
21900,"KEY_FOB_,_SHED",21902,"KEY_FOB_,_FRONT__DOOR_",0.834721405400211
21901,"KEY_FOB_,_BACK_DOOR_",21902,"KEY_FOB_,_FRONT__DOOR_",0.8156349496441675
21912,VINTAGE_SNAKES_&_LADDERS,22550,HOLIDAY_FUN_LUDO,0.8227278247913073
21913,VINTAGE_SEASIDE_JIGSAW_PUZZLES,22079,RIBBON_REEL_HEARTS_DESIGN_,0.8183878598788229
21913,VINTAGE_SEASIDE_JIGSAW_PUZZLES,22081,RIBBON_REEL_FLORA_+_FAUNA_,0.9048824765219107
21913,VINTAGE_SEASIDE_JIGSAW_PUZZLES,22550,HOLIDAY_FUN_LUDO,0.9203960404010759
21913,VINTAGE_SEASIDE_JIGSAW_PUZZLES,22731,3D_CHRISTMAS_STAMPS_STICKERS_,0.8270087432621612
21913,VINTAGE_SEASIDE_JIGSAW_PUZZLES,22733,3D_TRADITIONAL_CHRISTMAS_STICKERS,0.8598558913778234
21913,VINTAGE_SEASIDE_JIGSAW_PUZZLES,22735,RIBBON_REEL_SOCKS_AND_MITTENS,0.8956508015091722
21913,VINTAGE_SEASIDE_JIGSAW_PUZZLES,22736,RIBBON_REEL_MAKING_SNOWMEN_,0.8563636508895733
21913,VINTAGE_SEASIDE_JIGSAW_PUZZLES,22738,RIBBON_REEL_SNOWY_VILLAGE,0.8618285745713463
21913,VINTAGE_SEASIDE_JIGSAW_PUZZLES,22739,RIBBON_REEL_CHRISTMAS_SOCK_BAUBLE,0.8111511002159439
21913,VINTAGE_SEASIDE_JIGSAW_PUZZLES,22742,MAKE_YOUR_OWN_PLAYTIME_CARD_KIT,0.886201703841096
21913,VINTAGE_SEASIDE_JIGSAW_PUZZLES,23502,PLAYING_CARDS_VINTAGE_DOILY_,0.9000217763944629
21913,VINTAGE_SEASIDE_JIGSAW_PUZZLES,23504,PLAYING_CARDS_JUBILEE_UNION_JACK,0.8058412665415358
21913,VINTAGE_SEASIDE_JIGSAW_PUZZLES,85049G,CHOCOLATE_BOX_RIBBONS_,0.8162590994525514
21925,UNION_STRIPE_CUSHION_COVER_,21926,RED/CREAM_STRIPE_CUSHION_COVER_,0.9741852656047729
21925,UNION_STRIPE_CUSHION_COVER_,21927,BLUE/CREAM_STRIPE_CUSHION_COVER_,0.953086386083243
21925,UNION_STRIPE_CUSHION_COVER_,22041,"RECORD_FRAME_7""_SINGLE_SIZE_",0.8801581668731776
21925,UNION_STRIPE_CUSHION_COVER_,22134,MINI_LADLE_LOVE_HEART_RED_,0.8691489096015733
21925,UNION_STRIPE_CUSHION_COVER_,22135,LADLE_LOVE_HEART_PINK,0.844515200691429
21925,UNION_STRIPE_CUSHION_COVER_,22222,CAKE_PLATE_LOVEBIRD_WHITE,0.8458086394310705
21925,UNION_STRIPE_CUSHION_COVER_,22255,FELT_TOADSTOOL__SMALL,0.8761272134168907
21925,UNION_STRIPE_CUSHION_COVER_,22428,ENAMEL_FIRE_BUCKET_CREAM,0.8196838384642442
21925,UNION_STRIPE_CUSHION_COVER_,22467,GUMBALL_COAT_RACK,0.816442394870394
21925,UNION_STRIPE_CUSHION_COVER_,22475,SKULL_DESIGN_TV_DINNER_TRAY,0.8550132277228798
21925,UNION_STRIPE_CUSHION_COVER_,22719,GUMBALL_MONOCHROME_COAT_RACK,0.8845519397382489
21925,UNION_STRIPE_CUSHION_COVER_,22755,SMALL_PURPLE_BABUSHKA_NOTEBOOK_,0.8243076499813976
21925,UNION_STRIPE_CUSHION_COVER_,22760,"TRAY,_BREAKFAST_IN_BED",0.9146628462660183
21925,UNION_STRIPE_CUSHION_COVER_,22893,MINI_CAKE_STAND_T-LIGHT_HOLDER,0.9049222852314008
21925,UNION_STRIPE_CUSHION_COVER_,22954,HEN_PARTY_CORDON_BARRIER_TAPE,0.8236060748235294
21925,UNION_STRIPE_CUSHION_COVER_,23263,SET_OF_3_WOODEN_HEART_DECORATIONS,0.8026774518679831
21925,UNION_STRIPE_CUSHION_COVER_,23264,SET_OF_3_WOODEN_SLEIGH_DECORATIONS,0.8347490245492685
21925,UNION_STRIPE_CUSHION_COVER_,23265,SET_OF_3_WOODEN_TREE_DECORATIONS,0.8493426003213079
21925,UNION_STRIPE_CUSHION_COVER_,23266,SET_OF_3_WOODEN_STOCKING_DECORATION,0.8430008600198398
21925,UNION_STRIPE_CUSHION_COVER_,35653,VINTAGE_BEAD_NOTEBOOK,0.9454725866530639
21925,UNION_STRIPE_CUSHION_COVER_,46000R,POLYESTER_FILLER_PAD_45x30cm,0.9191662591770536
21925,UNION_STRIPE_CUSHION_COVER_,46000U,POLYESTER_FILLER_PAD_30CMx30CM,0.907748009334972
21925,UNION_STRIPE_CUSHION_COVER_,47421,ASSORTED_COLOUR_LIZARD_SUCTION_HOOK,0.9531602768786572
21925,UNION_STRIPE_CUSHION_COVER_,47563A,RETRO_LONGBOARD_IRONING_BOARD_COVER,0.9201063359539621
21925,UNION_STRIPE_CUSHION_COVER_,71406C,BLACK_ORANGE_SQUEEZER,0.9492528333443374
21925,UNION_STRIPE_CUSHION_COVER_,79321,CHILLI_LIGHTS,0.8415487524026214
21925,UNION_STRIPE_CUSHION_COVER_,82001S,VINYL_RECORD_FRAME_SILVER,0.8012694503982597
21925,UNION_STRIPE_CUSHION_COVER_,84659A,WHITE_TRAVEL_ALARM_CLOCK,0.852080618810519
21925,UNION_STRIPE_CUSHION_COVER_,85114B,IVORY_ENCHANTED_FOREST_PLACEMAT,0.911191239825707
21926,RED/CREAM_STRIPE_CUSHION_COVER_,21927,BLUE/CREAM_STRIPE_CUSHION_COVER_,0.9662346352495158
21926,RED/CREAM_STRIPE_CUSHION_COVER_,22041,"RECORD_FRAME_7""_SINGLE_SIZE_",0.8890231622331576
21926,RED/CREAM_STRIPE_CUSHION_COVER_,22134,MINI_LADLE_LOVE_HEART_RED_,0.879895211920476
21926,RED/CREAM_STRIPE_CUSHION_COVER_,22135,LADLE_LOVE_HEART_PINK,0.8541853628719038
21926,RED/CREAM_STRIPE_CUSHION_COVER_,22222,CAKE_PLATE_LOVEBIRD_WHITE,0.8574808032316147
21926,RED/CREAM_STRIPE_CUSHION_COVER_,22255,FELT_TOADSTOOL__SMALL,0.8869517301060196
21926,RED/CREAM_STRIPE_CUSHION_COVER_,22428,ENAMEL_FIRE_BUCKET_CREAM,0.8243731682858375
21926,RED/CREAM_STRIPE_CUSHION_COVER_,22467,GUMBALL_COAT_RACK,0.8253443763477257
21926,RED/CREAM_STRIPE_CUSHION_COVER_,22475,SKULL_DESIGN_TV_DINNER_TRAY,0.8655931452359186
21926,RED/CREAM_STRIPE_CUSHION_COVER_,22719,GUMBALL_MONOCHROME_COAT_RACK,0.8954900032629031
21926,RED/CREAM_STRIPE_CUSHION_COVER_,22760,"TRAY,_BREAKFAST_IN_BED",0.9228264239921364
21926,RED/CREAM_STRIPE_CUSHION_COVER_,22893,MINI_CAKE_STAND_T-LIGHT_HOLDER,0.9161085416507265
21926,RED/CREAM_STRIPE_CUSHION_COVER_,22954,HEN_PARTY_CORDON_BARRIER_TAPE,0.8337961091157184
21926,RED/CREAM_STRIPE_CUSHION_COVER_,23263,SET_OF_3_WOODEN_HEART_DECORATIONS,0.8139668292498202
21926,RED/CREAM_STRIPE_CUSHION_COVER_,23264,SET_OF_3_WOODEN_SLEIGH_DECORATIONS,0.8414550216889343
21926,RED/CREAM_STRIPE_CUSHION_COVER_,23265,SET_OF_3_WOODEN_TREE_DECORATIONS,0.8662700268013344
21926,RED/CREAM_STRIPE_CUSHION_COVER_,23266,SET_OF_3_WOODEN_STOCKING_DECORATION,0.8514750204130189
21926,RED/CREAM_STRIPE_CUSHION_COVER_,35653,VINTAGE_BEAD_NOTEBOOK,0.9571456127264023
21926,RED/CREAM_STRIPE_CUSHION_COVER_,46000R,POLYESTER_FILLER_PAD_45x30cm,0.9305231529851726
21926,RED/CREAM_STRIPE_CUSHION_COVER_,46000U,POLYESTER_FILLER_PAD_30CMx30CM,0.9189605852021699
21926,RED/CREAM_STRIPE_CUSHION_COVER_,47421,ASSORTED_COLOUR_LIZARD_SUCTION_HOOK,0.9649246604584191
21926,RED/CREAM_STRIPE_CUSHION_COVER_,47563A,RETRO_LONGBOARD_IRONING_BOARD_COVER,0.9298001426148493
21926,RED/CREAM_STRIPE_CUSHION_COVER_,71406C,BLACK_ORANGE_SQUEEZER,0.9609705367085708
21926,RED/CREAM_STRIPE_CUSHION_COVER_,79160,HEART_SHAPE_WIRELESS_DOORBELL,0.8027405019785315
21926,RED/CREAM_STRIPE_CUSHION_COVER_,79321,CHILLI_LIGHTS,0.8501068260169512
21926,RED/CREAM_STRIPE_CUSHION_COVER_,82001S,VINYL_RECORD_FRAME_SILVER,0.8111866605038387
21926,RED/CREAM_STRIPE_CUSHION_COVER_,84659A,WHITE_TRAVEL_ALARM_CLOCK,0.8626070300050747
21926,RED/CREAM_STRIPE_CUSHION_COVER_,85114B,IVORY_ENCHANTED_FOREST_PLACEMAT,0.9224551031669054
21927,BLUE/CREAM_STRIPE_CUSHION_COVER_,22041,"RECORD_FRAME_7""_SINGLE_SIZE_",0.910301595871638
21927,BLUE/CREAM_STRIPE_CUSHION_COVER_,22134,MINI_LADLE_LOVE_HEART_RED_,0.9021343291107855
21927,BLUE/CREAM_STRIPE_CUSHION_COVER_,22135,LADLE_LOVE_HEART_PINK,0.8749631997493527
21927,BLUE/CREAM_STRIPE_CUSHION_COVER_,22221,CAKE_STAND_LOVEBIRD_2_TIER_PINK,0.8165899797613383
21927,BLUE/CREAM_STRIPE_CUSHION_COVER_,22222,CAKE_PLATE_LOVEBIRD_WHITE,0.8750329721626828
21927,BLUE/CREAM_STRIPE_CUSHION_COVER_,22255,FELT_TOADSTOOL__SMALL,0.9087212436324104
21927,BLUE/CREAM_STRIPE_CUSHION_COVER_,22428,ENAMEL_FIRE_BUCKET_CREAM,0.8213281520777453
21927,BLUE/CREAM_STRIPE_CUSHION_COVER_,22467,GUMBALL_COAT_RACK,0.8464592778194565
21927,BLUE/CREAM_STRIPE_CUSHION_COVER_,22475,SKULL_DESIGN_TV_DINNER_TRAY,0.8874927808459497
21927,BLUE/CREAM_STRIPE_CUSHION_COVER_,22719,GUMBALL_MONOCHROME_COAT_RACK,0.9176514254404043
21927,BLUE/CREAM_STRIPE_CUSHION_COVER_,22760,"TRAY,_BREAKFAST_IN_BED",0.9441928471787504
21927,BLUE/CREAM_STRIPE_CUSHION_COVER_,22788,BROCANTE_COAT_RACK,0.8046869320178159
21927,BLUE/CREAM_STRIPE_CUSHION_COVER_,22893,MINI_CAKE_STAND_T-LIGHT_HOLDER,0.9387089123236528
21927,BLUE/CREAM_STRIPE_CUSHION_COVER_,22954,HEN_PARTY_CORDON_BARRIER_TAPE,0.854538806699892
21927,BLUE/CREAM_STRIPE_CUSHION_COVER_,23263,SET_OF_3_WOODEN_HEART_DECORATIONS,0.8298970970600339
21927,BLUE/CREAM_STRIPE_CUSHION_COVER_,23264,SET_OF_3_WOODEN_SLEIGH_DECORATIONS,0.8567128843705009
21927,BLUE/CREAM_STRIPE_CUSHION_COVER_,23265,SET_OF_3_WOODEN_TREE_DECORATIONS,0.8821858241117476
21927,BLUE/CREAM_STRIPE_CUSHION_COVER_,23266,SET_OF_3_WOODEN_STOCKING_DECORATION,0.8790274429582137
21927,BLUE/CREAM_STRIPE_CUSHION_COVER_,35653,VINTAGE_BEAD_NOTEBOOK,0.9804789537315373
21927,BLUE/CREAM_STRIPE_CUSHION_COVER_,46000R,POLYESTER_FILLER_PAD_45x30cm,0.9533742632398751
21927,BLUE/CREAM_STRIPE_CUSHION_COVER_,46000U,POLYESTER_FILLER_PAD_30CMx30CM,0.9422415131853997
21927,BLUE/CREAM_STRIPE_CUSHION_COVER_,47421,ASSORTED_COLOUR_LIZARD_SUCTION_HOOK,0.9883790838448175
21927,BLUE/CREAM_STRIPE_CUSHION_COVER_,47563A,RETRO_LONGBOARD_IRONING_BOARD_COVER,0.9519508465270349
21927,BLUE/CREAM_STRIPE_CUSHION_COVER_,71406C,BLACK_ORANGE_SQUEEZER,0.984358675422353
21927,BLUE/CREAM_STRIPE_CUSHION_COVER_,79160,HEART_SHAPE_WIRELESS_DOORBELL,0.8199127132088515
21927,BLUE/CREAM_STRIPE_CUSHION_COVER_,79321,CHILLI_LIGHTS,0.8712917890870345
21927,BLUE/CREAM_STRIPE_CUSHION_COVER_,82001S,VINYL_RECORD_FRAME_SILVER,0.8314350291712009
21927,BLUE/CREAM_STRIPE_CUSHION_COVER_,84341B,SMALL_PINK_MAGIC_CHRISTMAS_TREE,0.8151686595807902
21927,BLUE/CREAM_STRIPE_CUSHION_COVER_,84509B,SET_OF_4_FAIRY_CAKE_PLACEMATS,0.8093817909943007
21927,BLUE/CREAM_STRIPE_CUSHION_COVER_,84659A,WHITE_TRAVEL_ALARM_CLOCK,0.8837595388695066
21927,BLUE/CREAM_STRIPE_CUSHION_COVER_,85114B,IVORY_ENCHANTED_FOREST_PLACEMAT,0.9452142181473736
21934,SKULL_SHOULDER_BAG,21935,SUKI__SHOULDER_BAG,0.802516122301226
21942,SKULLS_DESIGN_FLANNEL,22201,FRYING_PAN_BLUE_POLKADOT,0.8640759337307996
21942,SKULLS_DESIGN_FLANNEL,22363,GLASS_JAR_MARMALADE_,0.8717305426024838
21942,SKULLS_DESIGN_FLANNEL,22476,EMPIRE_UNION_JACK_TV_DINNER_TRAY,0.8265503030826485
21942,SKULLS_DESIGN_FLANNEL,22504,CABIN_BAG_VINTAGE_RETROSPOT,0.894696908522652
21942,SKULLS_DESIGN_FLANNEL,84352,SILVER_CHRISTMAS_TREE_BAUBLE_STAND_,0.9902989898464187
21942,SKULLS_DESIGN_FLANNEL,85114C,RED_ENCHANTED_FOREST_PLACEMAT,0.8204528456907059
21942,SKULLS_DESIGN_FLANNEL,85169C,EAU_DE_NIL_LOVE_BIRD_CANDLE,0.8629439570302995
21987,PACK_OF_6_SKULL_PAPER_CUPS,21988,PACK_OF_6_SKULL_PAPER_PLATES,0.9199052496556422
21987,PACK_OF_6_SKULL_PAPER_CUPS,21989,PACK_OF_20_SKULL_PAPER_NAPKINS,0.8005035747310038
21987,PACK_OF_6_SKULL_PAPER_CUPS,22316,200_BENDY_SKULL_STRAWS,0.8304211938117243
21988,PACK_OF_6_SKULL_PAPER_PLATES,21989,PACK_OF_20_SKULL_PAPER_NAPKINS,0.8081600938668271
22021,BLUE_FELT_EASTER_EGG_BASKET,85206A,CREAM_FELT_EASTER_EGG_BASKET,0.831554023691336
22041,"RECORD_FRAME_7""_SINGLE_SIZE_",22134,MINI_LADLE_LOVE_HEART_RED_,0.8382991368660567
22041,"RECORD_FRAME_7""_SINGLE_SIZE_",22135,LADLE_LOVE_HEART_PINK,0.8149543115460686
22041,"RECORD_FRAME_7""_SINGLE_SIZE_",22222,CAKE_PLATE_LOVEBIRD_WHITE,0.8164197962962007
22041,"RECORD_FRAME_7""_SINGLE_SIZE_",22255,FELT_TOADSTOOL__SMALL,0.9527101288988259
22041,"RECORD_FRAME_7""_SINGLE_SIZE_",22428,ENAMEL_FIRE_BUCKET_CREAM,0.8198665843882997
22041,"RECORD_FRAME_7""_SINGLE_SIZE_",22475,SKULL_DESIGN_TV_DINNER_TRAY,0.8242109867582088
22041,"RECORD_FRAME_7""_SINGLE_SIZE_",22719,GUMBALL_MONOCHROME_COAT_RACK,0.859463060087328
22041,"RECORD_FRAME_7""_SINGLE_SIZE_",22760,"TRAY,_BREAKFAST_IN_BED",0.8859089159108957
22041,"RECORD_FRAME_7""_SINGLE_SIZE_",22893,MINI_CAKE_STAND_T-LIGHT_HOLDER,0.8729301778770734
22041,"RECORD_FRAME_7""_SINGLE_SIZE_",23264,SET_OF_3_WOODEN_SLEIGH_DECORATIONS,0.8058444971642633
22041,"RECORD_FRAME_7""_SINGLE_SIZE_",23265,SET_OF_3_WOODEN_TREE_DECORATIONS,0.8181688886849185
22041,"RECORD_FRAME_7""_SINGLE_SIZE_",23266,SET_OF_3_WOODEN_STOCKING_DECORATION,0.8136941734259034
22041,"RECORD_FRAME_7""_SINGLE_SIZE_",35653,VINTAGE_BEAD_NOTEBOOK,0.9128315177875581
22041,"RECORD_FRAME_7""_SINGLE_SIZE_",46000R,POLYESTER_FILLER_PAD_45x30cm,0.8869650637553556
22041,"RECORD_FRAME_7""_SINGLE_SIZE_",46000U,POLYESTER_FILLER_PAD_30CMx30CM,0.8784554807295714
22041,"RECORD_FRAME_7""_SINGLE_SIZE_",47421,ASSORTED_COLOUR_LIZARD_SUCTION_HOOK,0.9204463124924791
22041,"RECORD_FRAME_7""_SINGLE_SIZE_",47563A,RETRO_LONGBOARD_IRONING_BOARD_COVER,0.8896028891229646
22041,"RECORD_FRAME_7""_SINGLE_SIZE_",71406C,BLACK_ORANGE_SQUEEZER,0.9165892183727489
22041,"RECORD_FRAME_7""_SINGLE_SIZE_",79321,CHILLI_LIGHTS,0.816954160212553
22041,"RECORD_FRAME_7""_SINGLE_SIZE_",82001S,VINYL_RECORD_FRAME_SILVER,0.8488767306372942
22041,"RECORD_FRAME_7""_SINGLE_SIZE_",84659A,WHITE_TRAVEL_ALARM_CLOCK,0.8223160344593237
22041,"RECORD_FRAME_7""_SINGLE_SIZE_",85114B,IVORY_ENCHANTED_FOREST_PLACEMAT,0.8820986444885631
22049,WRAP_CHRISTMAS_SCREEN_PRINT,22124,SET_OF_2_TEA_TOWELS_PING_MICROWAVE,0.8398760017661687
22049,WRAP_CHRISTMAS_SCREEN_PRINT,72127,COLUMBIAN_CANDLE_ROUND_,0.895116257399223
22049,WRAP_CHRISTMAS_SCREEN_PRINT,72128,COLUMBIAN_CANDLE_ROUND,0.9134411194337745
22049,WRAP_CHRISTMAS_SCREEN_PRINT,72130,COLUMBIAN_CANDLE_ROUND,0.921447388572968
22049,WRAP_CHRISTMAS_SCREEN_PRINT,72131,COLUMBIAN_CANDLE_RECTANGLE,0.9230518315989322
22049,WRAP_CHRISTMAS_SCREEN_PRINT,72586,SET_OF_6_HALLOWEEN_GHOST_T-LIGHTS,0.8496869373292825
22049,WRAP_CHRISTMAS_SCREEN_PRINT,85107,CUT_GLASS_T-LIGHT_HOLDER_OCTAGON,0.9010761176670443
22049,WRAP_CHRISTMAS_SCREEN_PRINT,90114,SUMMER_DAISIES_BAG_CHARM,0.9359402284076264
22059,CERAMIC_STRAWBERRY_DESIGN_MUG,37448,CERAMIC_CAKE_DESIGN_SPOTTED_MUG,0.8437169567699788
22079,RIBBON_REEL_HEARTS_DESIGN_,22081,RIBBON_REEL_FLORA_+_FAUNA_,0.8844803238463418
22079,RIBBON_REEL_HEARTS_DESIGN_,22735,RIBBON_REEL_SOCKS_AND_MITTENS,0.8718644075040206
22079,RIBBON_REEL_HEARTS_DESIGN_,22736,RIBBON_REEL_MAKING_SNOWMEN_,0.8086921581078564
22079,RIBBON_REEL_HEARTS_DESIGN_,22738,RIBBON_REEL_SNOWY_VILLAGE,0.8268244392854878
22079,RIBBON_REEL_HEARTS_DESIGN_,23502,PLAYING_CARDS_VINTAGE_DOILY_,0.8190466038862698
22079,RIBBON_REEL_HEARTS_DESIGN_,85049G,CHOCOLATE_BOX_RIBBONS_,0.8220235663170214
22081,RIBBON_REEL_FLORA_+_FAUNA_,22550,HOLIDAY_FUN_LUDO,0.8712035032478496
22081,RIBBON_REEL_FLORA_+_FAUNA_,22731,3D_CHRISTMAS_STAMPS_STICKERS_,0.8284653264826518
22081,RIBBON_REEL_FLORA_+_FAUNA_,22732,3D_VINTAGE_CHRISTMAS_STICKERS_,0.82594037721263
22081,RIBBON_REEL_FLORA_+_FAUNA_,22733,3D_TRADITIONAL_CHRISTMAS_STICKERS,0.8646406096365608
22081,RIBBON_REEL_FLORA_+_FAUNA_,22735,RIBBON_REEL_SOCKS_AND_MITTENS,0.927955247569991
22081,RIBBON_REEL_FLORA_+_FAUNA_,22736,RIBBON_REEL_MAKING_SNOWMEN_,0.8783597256362199
22081,RIBBON_REEL_FLORA_+_FAUNA_,22737,RIBBON_REEL_CHRISTMAS_PRESENT_,0.8016142995113524
22081,RIBBON_REEL_FLORA_+_FAUNA_,22738,RIBBON_REEL_SNOWY_VILLAGE,0.9042785656605901
22081,RIBBON_REEL_FLORA_+_FAUNA_,22739,RIBBON_REEL_CHRISTMAS_SOCK_BAUBLE,0.8483703999453839
22081,RIBBON_REEL_FLORA_+_FAUNA_,22742,MAKE_YOUR_OWN_PLAYTIME_CARD_KIT,0.869610148719356
22081,RIBBON_REEL_FLORA_+_FAUNA_,23502,PLAYING_CARDS_VINTAGE_DOILY_,0.9023665129357314
22081,RIBBON_REEL_FLORA_+_FAUNA_,85049G,CHOCOLATE_BOX_RIBBONS_,0.853242942957264
22087,PAPER_BUNTING_WHITE_LACE,47422,ASSORTED_MONKEY_SUCTION_CUP_HOOK,0.86367469660612
22092,BLUE_PAISLEY_TISSUE_BOX,22533,MAGIC_DRAWING_SLATE_BAKE_A_CAKE_,0.8056399530557349
22096,PINK_PAISLEY_SQUARE_TISSUE_BOX_,23576,SNACK_TRAY_RED_VINTAGE_DOILY,0.8177210185044553
22096,PINK_PAISLEY_SQUARE_TISSUE_BOX_,23580,SNACK_TRAY_HAPPY_FOREST__,0.80984411977108
22107,PIZZA_PLATE_IN_BOX,22109,FULL_ENGLISH_BREAKFAST_PLATE,0.8476574827605818
22124,SET_OF_2_TEA_TOWELS_PING_MICROWAVE,72127,COLUMBIAN_CANDLE_ROUND_,0.8586475837708416
22124,SET_OF_2_TEA_TOWELS_PING_MICROWAVE,72128,COLUMBIAN_CANDLE_ROUND,0.8763084408792275
22124,SET_OF_2_TEA_TOWELS_PING_MICROWAVE,72130,COLUMBIAN_CANDLE_ROUND,0.883971139026196
22124,SET_OF_2_TEA_TOWELS_PING_MICROWAVE,72131,COLUMBIAN_CANDLE_RECTANGLE,0.8855647273817321
22124,SET_OF_2_TEA_TOWELS_PING_MICROWAVE,72586,SET_OF_6_HALLOWEEN_GHOST_T-LIGHTS,0.814677434273132
22124,SET_OF_2_TEA_TOWELS_PING_MICROWAVE,85107,CUT_GLASS_T-LIGHT_HOLDER_OCTAGON,0.8643486821143411
22124,SET_OF_2_TEA_TOWELS_PING_MICROWAVE,90114,SUMMER_DAISIES_BAG_CHARM,0.8980399337991339
22133,PINK_LOVE_HEART_SHAPE_CUP,47518F,ICON_PLACEMAT_POP_ART_ELVIS,0.8708170053784683
22133,PINK_LOVE_HEART_SHAPE_CUP,51014A,"FEATHER_PEN,HOT_PINK",0.8483224580306903
22133,PINK_LOVE_HEART_SHAPE_CUP,84985A,SET_OF_72_GREEN_PAPER_DOILIES,0.93647363853243
22134,MINI_LADLE_LOVE_HEART_RED_,22135,LADLE_LOVE_HEART_PINK,0.8222028659765334
22134,MINI_LADLE_LOVE_HEART_RED_,22222,CAKE_PLATE_LOVEBIRD_WHITE,0.8053468047719745
22134,MINI_LADLE_LOVE_HEART_RED_,22255,FELT_TOADSTOOL__SMALL,0.8383200337642281
22134,MINI_LADLE_LOVE_HEART_RED_,22475,SKULL_DESIGN_TV_DINNER_TRAY,0.8216618839242872
22134,MINI_LADLE_LOVE_HEART_RED_,22719,GUMBALL_MONOCHROME_COAT_RACK,0.8461182805089482
22134,MINI_LADLE_LOVE_HEART_RED_,22760,"TRAY,_BREAKFAST_IN_BED",0.8695859448108082
22134,MINI_LADLE_LOVE_HEART_RED_,22893,MINI_CAKE_STAND_T-LIGHT_HOLDER,0.8657063715862496
22134,MINI_LADLE_LOVE_HEART_RED_,22954,HEN_PARTY_CORDON_BARRIER_TAPE,0.8089597228598442
22134,MINI_LADLE_LOVE_HEART_RED_,23265,SET_OF_3_WOODEN_TREE_DECORATIONS,0.8091649751463292
22134,MINI_LADLE_LOVE_HEART_RED_,35653,VINTAGE_BEAD_NOTEBOOK,0.9049022786361888
22134,MINI_LADLE_LOVE_HEART_RED_,46000R,POLYESTER_FILLER_PAD_45x30cm,0.8794842816782956
22134,MINI_LADLE_LOVE_HEART_RED_,46000U,POLYESTER_FILLER_PAD_30CMx30CM,0.8686489791353155
22134,MINI_LADLE_LOVE_HEART_RED_,47421,ASSORTED_COLOUR_LIZARD_SUCTION_HOOK,0.912358942419687
22134,MINI_LADLE_LOVE_HEART_RED_,47563A,RETRO_LONGBOARD_IRONING_BOARD_COVER,0.8773865562058855
22134,MINI_LADLE_LOVE_HEART_RED_,71406C,BLACK_ORANGE_SQUEEZER,0.9085757520764794
22134,MINI_LADLE_LOVE_HEART_RED_,84509B,SET_OF_4_FAIRY_CAKE_PLACEMATS,0.8095434016015948
22134,MINI_LADLE_LOVE_HEART_RED_,84659A,WHITE_TRAVEL_ALARM_CLOCK,0.8153392070774275
22134,MINI_LADLE_LOVE_HEART_RED_,85114B,IVORY_ENCHANTED_FOREST_PLACEMAT,0.8795417049839059
22135,LADLE_LOVE_HEART_PINK,22255,FELT_TOADSTOOL__SMALL,0.8132259039185168
22135,LADLE_LOVE_HEART_PINK,22719,GUMBALL_MONOCHROME_COAT_RACK,0.8207648318398478
22135,LADLE_LOVE_HEART_PINK,22760,"TRAY,_BREAKFAST_IN_BED",0.8463141217852855
22135,LADLE_LOVE_HEART_PINK,22893,MINI_CAKE_STAND_T-LIGHT_HOLDER,0.8397761049367778
22135,LADLE_LOVE_HEART_PINK,35653,VINTAGE_BEAD_NOTEBOOK,0.8778376639717129
22135,LADLE_LOVE_HEART_PINK,46000R,POLYESTER_FILLER_PAD_45x30cm,0.8531562202355519
22135,LADLE_LOVE_HEART_PINK,46000U,POLYESTER_FILLER_PAD_30CMx30CM,0.8426541426135392
22135,LADLE_LOVE_HEART_PINK,47421,ASSORTED_COLOUR_LIZARD_SUCTION_HOOK,0.8850810376125641
22135,LADLE_LOVE_HEART_PINK,47563A,RETRO_LONGBOARD_IRONING_BOARD_COVER,0.8525934975359898
22135,LADLE_LOVE_HEART_PINK,71406C,BLACK_ORANGE_SQUEEZER,0.8814067247678905
22135,LADLE_LOVE_HEART_PINK,85114B,IVORY_ENCHANTED_FOREST_PLACEMAT,0.8575234055778596
22138,BAKING_SET_9_PIECE_RETROSPOT_,22617,BAKING_SET_SPACEBOY_DESIGN,0.8022825080591389
22152,PLACE_SETTING_WHITE_STAR,22216,T-LIGHT_HOLDER_WHITE_LACE,0.8273526743389233
22152,PLACE_SETTING_WHITE_STAR,22420,LIPSTICK_PEN_BABY_PINK,0.8945363687123669
22152,PLACE_SETTING_WHITE_STAR,22421,LIPSTICK_PEN_FUSCHIA,0.8984207237515489
22152,PLACE_SETTING_WHITE_STAR,35915B,BLUE_KNITTED_HEN_,0.875863911591484
22175,PINK_OWL_SOFT_TOY,22176,BLUE_OWL_SOFT_TOY,0.8625416806256139
22183,CAKE_STAND_VICTORIAN_FILIGREE_MED,84926D,LA_PALMIERA_TILE_COASTER,0.8077092647694215
22185,SLATE_TILE_NATURAL_HANGING,23027,DRAWER_KNOB_VINTAGE_GLASS_HEXAGON,0.8077409096692733
22200,FRYING_PAN_PINK_POLKADOT,22204,MILK_PAN_BLUE_POLKADOT,0.8188283110152709
22201,FRYING_PAN_BLUE_POLKADOT,22504,CABIN_BAG_VINTAGE_RETROSPOT,0.8137198700185867
22201,FRYING_PAN_BLUE_POLKADOT,84352,SILVER_CHRISTMAS_TREE_BAUBLE_STAND_,0.8580202024540571
22216,T-LIGHT_HOLDER_WHITE_LACE,22420,LIPSTICK_PEN_BABY_PINK,0.9055017134226847
22216,T-LIGHT_HOLDER_WHITE_LACE,22421,LIPSTICK_PEN_FUSCHIA,0.9103480954972373
22216,T-LIGHT_HOLDER_WHITE_LACE,35915B,BLUE_KNITTED_HEN_,0.86754284002737
22221,CAKE_STAND_LOVEBIRD_2_TIER_PINK,35653,VINTAGE_BEAD_NOTEBOOK,0.8195352326446478
22221,CAKE_STAND_LOVEBIRD_2_TIER_PINK,47421,ASSORTED_COLOUR_LIZARD_SUCTION_HOOK,0.8262853715634852
22221,CAKE_STAND_LOVEBIRD_2_TIER_PINK,71406C,BLACK_ORANGE_SQUEEZER,0.8228604319286176
22221,CAKE_STAND_LOVEBIRD_2_TIER_PINK,85114B,IVORY_ENCHANTED_FOREST_PLACEMAT,0.8147267920910515
22222,CAKE_PLATE_LOVEBIRD_WHITE,22255,FELT_TOADSTOOL__SMALL,0.812649430287028
22222,CAKE_PLATE_LOVEBIRD_WHITE,22475,SKULL_DESIGN_TV_DINNER_TRAY,0.820909877217688
22222,CAKE_PLATE_LOVEBIRD_WHITE,22719,GUMBALL_MONOCHROME_COAT_RACK,0.8194826983137763
22222,CAKE_PLATE_LOVEBIRD_WHITE,22760,"TRAY,_BREAKFAST_IN_BED",0.8525392049522972
22222,CAKE_PLATE_LOVEBIRD_WHITE,22893,MINI_CAKE_STAND_T-LIGHT_HOLDER,0.8387382663829215
22222,CAKE_PLATE_LOVEBIRD_WHITE,35653,VINTAGE_BEAD_NOTEBOOK,0.8778261448220493
22222,CAKE_PLATE_LOVEBIRD_WHITE,46000R,POLYESTER_FILLER_PAD_45x30cm,0.8525046953112659
22222,CAKE_PLATE_LOVEBIRD_WHITE,46000U,POLYESTER_FILLER_PAD_30CMx30CM,0.8422503632354983
22222,CAKE_PLATE_LOVEBIRD_WHITE,47421,ASSORTED_COLOUR_LIZARD_SUCTION_HOOK,0.8853326448906211
22222,CAKE_PLATE_LOVEBIRD_WHITE,47563A,RETRO_LONGBOARD_IRONING_BOARD_COVER,0.8555760252125313
22222,CAKE_PLATE_LOVEBIRD_WHITE,71406C,BLACK_ORANGE_SQUEEZER,0.8815427752380918
22222,CAKE_PLATE_LOVEBIRD_WHITE,85114B,IVORY_ENCHANTED_FOREST_PLACEMAT,0.8445370221925647
22255,FELT_TOADSTOOL__SMALL,22428,ENAMEL_FIRE_BUCKET_CREAM,0.8116464472538045
22255,FELT_TOADSTOOL__SMALL,22475,SKULL_DESIGN_TV_DINNER_TRAY,0.8247297087847989
22255,FELT_TOADSTOOL__SMALL,22719,GUMBALL_MONOCHROME_COAT_RACK,0.8531836078514552
22255,FELT_TOADSTOOL__SMALL,22760,"TRAY,_BREAKFAST_IN_BED",0.8767672930285766
22255,FELT_TOADSTOOL__SMALL,22893,MINI_CAKE_STAND_T-LIGHT_HOLDER,0.872812188832764
22255,FELT_TOADSTOOL__SMALL,23265,SET_OF_3_WOODEN_TREE_DECORATIONS,0.815426108431434
22255,FELT_TOADSTOOL__SMALL,23266,SET_OF_3_WOODEN_STOCKING_DECORATION,0.8037088426887005
22255,FELT_TOADSTOOL__SMALL,35653,VINTAGE_BEAD_NOTEBOOK,0.9118476676822371
22255,FELT_TOADSTOOL__SMALL,46000R,POLYESTER_FILLER_PAD_45x30cm,0.8865222294762584
22255,FELT_TOADSTOOL__SMALL,46000U,POLYESTER_FILLER_PAD_30CMx30CM,0.8754925323184283
22255,FELT_TOADSTOOL__SMALL,47421,ASSORTED_COLOUR_LIZARD_SUCTION_HOOK,0.9192433190156103
22255,FELT_TOADSTOOL__SMALL,47563A,RETRO_LONGBOARD_IRONING_BOARD_COVER,0.8845422640041901
22255,FELT_TOADSTOOL__SMALL,71406C,BLACK_ORANGE_SQUEEZER,0.9154830237450833
22255,FELT_TOADSTOOL__SMALL,79321,CHILLI_LIGHTS,0.8031360429829926
22255,FELT_TOADSTOOL__SMALL,84659A,WHITE_TRAVEL_ALARM_CLOCK,0.8218107617631963
22255,FELT_TOADSTOOL__SMALL,85114B,IVORY_ENCHANTED_FOREST_PLACEMAT,0.8788592880983127
22282,12_EGG_HOUSE_PAINTED_WOOD,22354,RETROSPOT_PADDED_SEAT_CUSHION,0.8017694069189499
22300,COFFEE_MUG_DOG_+_BALL_DESIGN,22301,COFFEE_MUG_CAT_+_BIRD_DESIGN,0.9675447620531641
22337,ANGEL_DECORATION_PAINTED_ZINC_,72807B,SET/3_OCEAN_SCENT_CANDLE_JEWEL_BOX,0.8446343120159735
22337,ANGEL_DECORATION_PAINTED_ZINC_,79067,CORONA_MEXICAN_TRAY,0.8265411864927416
22343,PARTY_PIZZA_DISH_RED_RETROSPOT,22345,PARTY_PIZZA_DISH_BLUE_POLKADOT,0.8235631253839448
22349,DOG_BOWL_CHASING_BALL_DESIGN,22350,ILLUSTRATED_CAT_BOWL_,0.8489530499122336
22363,GLASS_JAR_MARMALADE_,84352,SILVER_CHRISTMAS_TREE_BAUBLE_STAND_,0.8656697958091375
22363,GLASS_JAR_MARMALADE_,85169C,EAU_DE_NIL_LOVE_BIRD_CANDLE,0.8618238020286549
22379,RECYCLING_BAG_RETROSPOT_,22380,TOY_TIDY_SPACEBOY__,0.8004336894243097
22379,RECYCLING_BAG_RETROSPOT_,22381,TOY_TIDY_PINK_POLKADOT,0.9063014464015764
22380,TOY_TIDY_SPACEBOY__,22381,TOY_TIDY_PINK_POLKADOT,0.8343478635880319
22380,TOY_TIDY_SPACEBOY__,22664,TOY_TIDY_DOLLY_GIRL_DESIGN,0.8503579526649556
22391,PAPERWEIGHT_HOME_SWEET_HOME,22395,PAPERWEIGHT_VINTAGE_PAISLEY,0.9952746535924205
22420,LIPSTICK_PEN_BABY_PINK,22421,LIPSTICK_PEN_FUSCHIA,0.994048438072397
22420,LIPSTICK_PEN_BABY_PINK,22576,SWALLOW_WOODEN_CHRISTMAS_DECORATION,0.8231967275038453
22420,LIPSTICK_PEN_BABY_PINK,22594,CHRISTMAS_GINGHAM_TREE,0.8218303053536039
22420,LIPSTICK_PEN_BABY_PINK,35915B,BLUE_KNITTED_HEN_,0.9419552442509915
22421,LIPSTICK_PEN_FUSCHIA,22576,SWALLOW_WOODEN_CHRISTMAS_DECORATION,0.8276073015466554
22421,LIPSTICK_PEN_FUSCHIA,22594,CHRISTMAS_GINGHAM_TREE,0.8257637096660396
22421,LIPSTICK_PEN_FUSCHIA,35915B,BLUE_KNITTED_HEN_,0.9455569115373257
22428,ENAMEL_FIRE_BUCKET_CREAM,35653,VINTAGE_BEAD_NOTEBOOK,0.8171792505308245
22428,ENAMEL_FIRE_BUCKET_CREAM,46000U,POLYESTER_FILLER_PAD_30CMx30CM,0.8660455438622685
22428,ENAMEL_FIRE_BUCKET_CREAM,47421,ASSORTED_COLOUR_LIZARD_SUCTION_HOOK,0.8244051472646764
22428,ENAMEL_FIRE_BUCKET_CREAM,47563A,RETRO_LONGBOARD_IRONING_BOARD_COVER,0.8077229453134328
22428,ENAMEL_FIRE_BUCKET_CREAM,71406C,BLACK_ORANGE_SQUEEZER,0.8207725814759623
22428,ENAMEL_FIRE_BUCKET_CREAM,85114B,IVORY_ENCHANTED_FOREST_PLACEMAT,0.8059387880561588
22448,PIN_CUSHION_BABUSHKA_RED,23519,EMBROIDERED_RIBBON_REEL_CLAIRE,0.8076785749670334
22458,CAST_IRON_HOOK_GARDEN_FORK,22459,CAST_IRON_HOOK_GARDEN_TROWEL,0.865608597282188
22467,GUMBALL_COAT_RACK,22719,GUMBALL_MONOCHROME_COAT_RACK,0.8217028177658844
22467,GUMBALL_COAT_RACK,22760,"TRAY,_BREAKFAST_IN_BED",0.8239345021450817
22467,GUMBALL_COAT_RACK,22893,MINI_CAKE_STAND_T-LIGHT_HOLDER,0.8132747519322612
22467,GUMBALL_COAT_RACK,35653,VINTAGE_BEAD_NOTEBOOK,0.8519550619104478
22467,GUMBALL_COAT_RACK,46000R,POLYESTER_FILLER_PAD_45x30cm,0.8254488432467134
22467,GUMBALL_COAT_RACK,46000U,POLYESTER_FILLER_PAD_30CMx30CM,0.814457690212199
22467,GUMBALL_COAT_RACK,47421,ASSORTED_COLOUR_LIZARD_SUCTION_HOOK,0.8570740775364328
22467,GUMBALL_COAT_RACK,47563A,RETRO_LONGBOARD_IRONING_BOARD_COVER,0.8241107986004085
22467,GUMBALL_COAT_RACK,71406C,BLACK_ORANGE_SQUEEZER,0.8532433315668215
22467,GUMBALL_COAT_RACK,85114B,IVORY_ENCHANTED_FOREST_PLACEMAT,0.8420150550185903
22475,SKULL_DESIGN_TV_DINNER_TRAY,22719,GUMBALL_MONOCHROME_COAT_RACK,0.8320742885501012
22475,SKULL_DESIGN_TV_DINNER_TRAY,22760,"TRAY,_BREAKFAST_IN_BED",0.8552355906461766
22475,SKULL_DESIGN_TV_DINNER_TRAY,22893,MINI_CAKE_STAND_T-LIGHT_HOLDER,0.8514652822556039
22475,SKULL_DESIGN_TV_DINNER_TRAY,23265,SET_OF_3_WOODEN_TREE_DECORATIONS,0.8009348007128455
22475,SKULL_DESIGN_TV_DINNER_TRAY,23266,SET_OF_3_WOODEN_STOCKING_DECORATION,0.8005430913111277
22475,SKULL_DESIGN_TV_DINNER_TRAY,35653,VINTAGE_BEAD_NOTEBOOK,0.890517960310871
22475,SKULL_DESIGN_TV_DINNER_TRAY,46000R,POLYESTER_FILLER_PAD_45x30cm,0.8652047838410156
22475,SKULL_DESIGN_TV_DINNER_TRAY,46000U,POLYESTER_FILLER_PAD_30CMx30CM,0.8546574253788206
22475,SKULL_DESIGN_TV_DINNER_TRAY,47421,ASSORTED_COLOUR_LIZARD_SUCTION_HOOK,0.8979790954913465
22475,SKULL_DESIGN_TV_DINNER_TRAY,47563A,RETRO_LONGBOARD_IRONING_BOARD_COVER,0.8630011568387701
22475,SKULL_DESIGN_TV_DINNER_TRAY,71406C,BLACK_ORANGE_SQUEEZER,0.8942020208927591
22475,SKULL_DESIGN_TV_DINNER_TRAY,84659A,WHITE_TRAVEL_ALARM_CLOCK,0.8021563997767543
22475,SKULL_DESIGN_TV_DINNER_TRAY,85114B,IVORY_ENCHANTED_FOREST_PLACEMAT,0.861004135916343
22476,EMPIRE_UNION_JACK_TV_DINNER_TRAY,84352,SILVER_CHRISTMAS_TREE_BAUBLE_STAND_,0.8164055209174634
22477,WATERING_CAN_GARDEN_MARKER,22479,DAISY_GARDEN_MARKER,0.8000951951062647
22504,CABIN_BAG_VINTAGE_RETROSPOT,84352,SILVER_CHRISTMAS_TREE_BAUBLE_STAND_,0.8886077174358442
22514,CHILDS_GARDEN_SPADE_BLUE,22515,CHILDS_GARDEN_SPADE_PINK,0.8693418197208224
22516,CHILDS_GARDEN_RAKE_BLUE,22517,CHILDS_GARDEN_RAKE_PINK,0.9120496420782378
22518,CHILDS_GARDEN_BRUSH_BLUE,22519,CHILDS_GARDEN_BRUSH_PINK,0.920204011702208
22520,CHILDS_GARDEN_TROWEL_BLUE_,22521,CHILDS_GARDEN_TROWEL_PINK,0.9016188040783164
22522,CHILDS_GARDEN_FORK_BLUE_,22523,CHILDS_GARDEN_FORK_PINK,0.9815463522183111
22524,CHILDRENS_GARDEN_GLOVES_BLUE,22525,CHILDRENS_GARDEN_GLOVES_PINK,0.863965134058834
22550,HOLIDAY_FUN_LUDO,22653,BUTTON_BOX_,0.808516274766776
22550,HOLIDAY_FUN_LUDO,22731,3D_CHRISTMAS_STAMPS_STICKERS_,0.8571658597095165
22550,HOLIDAY_FUN_LUDO,22732,3D_VINTAGE_CHRISTMAS_STICKERS_,0.8044068550280341
22550,HOLIDAY_FUN_LUDO,22733,3D_TRADITIONAL_CHRISTMAS_STICKERS,0.8490177379960665
22550,HOLIDAY_FUN_LUDO,22735,RIBBON_REEL_SOCKS_AND_MITTENS,0.8687309216798822
22550,HOLIDAY_FUN_LUDO,22736,RIBBON_REEL_MAKING_SNOWMEN_,0.8547818690024843
22550,HOLIDAY_FUN_LUDO,22738,RIBBON_REEL_SNOWY_VILLAGE,0.8380311783523402
22550,HOLIDAY_FUN_LUDO,22742,MAKE_YOUR_OWN_PLAYTIME_CARD_KIT,0.8605972875622474
22550,HOLIDAY_FUN_LUDO,23502,PLAYING_CARDS_VINTAGE_DOILY_,0.872675688717951
22560,TRADITIONAL_MODELLING_CLAY,22731,3D_CHRISTMAS_STAMPS_STICKERS_,0.8103395953602978
22573,STAR_WOODEN_CHRISTMAS_DECORATION,22574,HEART_WOODEN_CHRISTMAS_DECORATION,0.8085535723791644
22578,WOODEN_STAR_CHRISTMAS_SCANDINAVIAN,22579,WOODEN_TREE_CHRISTMAS_SCANDINAVIAN,0.8212223723237154
22593,CHRISTMAS_GINGHAM_STAR,22594,CHRISTMAS_GINGHAM_TREE,0.8869261741078664
22595,CHRISTMAS_GINGHAM_HEART,35653,VINTAGE_BEAD_NOTEBOOK,0.80000838656338
22595,CHRISTMAS_GINGHAM_HEART,47421,ASSORTED_COLOUR_LIZARD_SUCTION_HOOK,0.8074483752858098
22595,CHRISTMAS_GINGHAM_HEART,71406C,BLACK_ORANGE_SQUEEZER,0.8037314265301633
22629,SPACEBOY_LUNCH_BOX_,22630,DOLLY_GIRL_LUNCH_BOX,0.8123483277097132
22632,HAND_WARMER_RED_POLKA_DOT,22633,HAND_WARMER_UNION_JACK,0.8002700200957386
22641,SET_OF_4_NAPKIN_CHARMS_INSTRUMENT,84806B,WHITE_CANDYSTUFT_ARTIFICIAL_FLOWER,0.9317626832662438
22653,BUTTON_BOX_,22731,3D_CHRISTMAS_STAMPS_STICKERS_,0.850224108812029
22676,FRENCH_BLUE_METAL_DOOR_SIGN_1,22677,FRENCH_BLUE_METAL_DOOR_SIGN_2,0.9026110483750712
22676,FRENCH_BLUE_METAL_DOOR_SIGN_1,22678,FRENCH_BLUE_METAL_DOOR_SIGN_3,0.8568409493006727
22676,FRENCH_BLUE_METAL_DOOR_SIGN_1,22679,FRENCH_BLUE_METAL_DOOR_SIGN_4,0.8933085631866979
22676,FRENCH_BLUE_METAL_DOOR_SIGN_1,22680,FRENCH_BLUE_METAL_DOOR_SIGN_5,0.8803496844154111
22676,FRENCH_BLUE_METAL_DOOR_SIGN_1,22681,FRENCH_BLUE_METAL_DOOR_SIGN_6,0.8702373067871071
22676,FRENCH_BLUE_METAL_DOOR_SIGN_1,22682,FRENCH_BLUE_METAL_DOOR_SIGN_7,0.8242637722627926
22677,FRENCH_BLUE_METAL_DOOR_SIGN_2,22679,FRENCH_BLUE_METAL_DOOR_SIGN_4,0.8292160645205979
22677,FRENCH_BLUE_METAL_DOOR_SIGN_2,22680,FRENCH_BLUE_METAL_DOOR_SIGN_5,0.9430603329993936
22677,FRENCH_BLUE_METAL_DOOR_SIGN_2,22681,FRENCH_BLUE_METAL_DOOR_SIGN_6,0.8614392552455478
22677,FRENCH_BLUE_METAL_DOOR_SIGN_2,22685,FRENCH_BLUE_METAL_DOOR_SIGN_0,0.8763805451422129
22678,FRENCH_BLUE_METAL_DOOR_SIGN_3,22679,FRENCH_BLUE_METAL_DOOR_SIGN_4,0.8957940498200047
22678,FRENCH_BLUE_METAL_DOOR_SIGN_3,22682,FRENCH_BLUE_METAL_DOOR_SIGN_7,0.8111866224484274
22678,FRENCH_BLUE_METAL_DOOR_SIGN_3,22683,FRENCH_BLUE_METAL_DOOR_SIGN_8,0.8247099268843412
22678,FRENCH_BLUE_METAL_DOOR_SIGN_3,22684,FRENCH_BLUE_METAL_DOOR_SIGN_9,0.8638211599971086
22679,FRENCH_BLUE_METAL_DOOR_SIGN_4,22683,FRENCH_BLUE_METAL_DOOR_SIGN_8,0.8680933281362228
22679,FRENCH_BLUE_METAL_DOOR_SIGN_4,22684,FRENCH_BLUE_METAL_DOOR_SIGN_9,0.862623716620123
22680,FRENCH_BLUE_METAL_DOOR_SIGN_5,22681,FRENCH_BLUE_METAL_DOOR_SIGN_6,0.8920388903968618
22680,FRENCH_BLUE_METAL_DOOR_SIGN_5,22685,FRENCH_BLUE_METAL_DOOR_SIGN_0,0.9126172099719636
22682,FRENCH_BLUE_METAL_DOOR_SIGN_7,22683,FRENCH_BLUE_METAL_DOOR_SIGN_8,0.8040077344017219
22682,FRENCH_BLUE_METAL_DOOR_SIGN_7,22684,FRENCH_BLUE_METAL_DOOR_SIGN_9,0.8456476404131603
22683,FRENCH_BLUE_METAL_DOOR_SIGN_8,22684,FRENCH_BLUE_METAL_DOOR_SIGN_9,0.9678224736590373
22687,DOORMAT_CHRISTMAS_VILLAGE,23017,APOTHECARY_MEASURING_JAR,0.8479948259678031
22697,GREEN_REGENCY_TEACUP_AND_SAUCER,22698,PINK_REGENCY_TEACUP_AND_SAUCER,0.8096130888438545
22697,GREEN_REGENCY_TEACUP_AND_SAUCER,22699,ROSES_REGENCY_TEACUP_AND_SAUCER_,0.8518102784902849
22700,BLACK_AND_WHITE_DOG_BOWL,22702,BLACK_AND_WHITE_CAT_BOWL,0.9378125654922318
22719,GUMBALL_MONOCHROME_COAT_RACK,22760,"TRAY,_BREAKFAST_IN_BED",0.8948752801493182
22719,GUMBALL_MONOCHROME_COAT_RACK,22893,MINI_CAKE_STAND_T-LIGHT_HOLDER,0.8935077732330429
22719,GUMBALL_MONOCHROME_COAT_RACK,22954,HEN_PARTY_CORDON_BARRIER_TAPE,0.801551947056989
22719,GUMBALL_MONOCHROME_COAT_RACK,23264,SET_OF_3_WOODEN_SLEIGH_DECORATIONS,0.8082133390319219
22719,GUMBALL_MONOCHROME_COAT_RACK,23265,SET_OF_3_WOODEN_TREE_DECORATIONS,0.8253133590910233
22719,GUMBALL_MONOCHROME_COAT_RACK,23266,SET_OF_3_WOODEN_STOCKING_DECORATION,0.8160465081564434
22719,GUMBALL_MONOCHROME_COAT_RACK,35653,VINTAGE_BEAD_NOTEBOOK,0.920991113368598
22719,GUMBALL_MONOCHROME_COAT_RACK,46000R,POLYESTER_FILLER_PAD_45x30cm,0.8950742810778726
22719,GUMBALL_MONOCHROME_COAT_RACK,46000U,POLYESTER_FILLER_PAD_30CMx30CM,0.8840644712981874
22719,GUMBALL_MONOCHROME_COAT_RACK,47421,ASSORTED_COLOUR_LIZARD_SUCTION_HOOK,0.928599638362293
22719,GUMBALL_MONOCHROME_COAT_RACK,47563A,RETRO_LONGBOARD_IRONING_BOARD_COVER,0.8929174275510445
22719,GUMBALL_MONOCHROME_COAT_RACK,71406C,BLACK_ORANGE_SQUEEZER,0.9247407146793913
22719,GUMBALL_MONOCHROME_COAT_RACK,79321,CHILLI_LIGHTS,0.8165472071715334
22719,GUMBALL_MONOCHROME_COAT_RACK,84659A,WHITE_TRAVEL_ALARM_CLOCK,0.8298008088419165
22719,GUMBALL_MONOCHROME_COAT_RACK,85114B,IVORY_ENCHANTED_FOREST_PLACEMAT,0.899893616458123
22731,3D_CHRISTMAS_STAMPS_STICKERS_,22733,3D_TRADITIONAL_CHRISTMAS_STICKERS,0.8013678142439759
22731,3D_CHRISTMAS_STAMPS_STICKERS_,22735,RIBBON_REEL_SOCKS_AND_MITTENS,0.8332053295098655
22731,3D_CHRISTMAS_STAMPS_STICKERS_,22736,RIBBON_REEL_MAKING_SNOWMEN_,0.8007459975406214
22731,3D_CHRISTMAS_STAMPS_STICKERS_,22738,RIBBON_REEL_SNOWY_VILLAGE,0.8278855521473449
22731,3D_CHRISTMAS_STAMPS_STICKERS_,23502,PLAYING_CARDS_VINTAGE_DOILY_,0.8280481970342464
22732,3D_VINTAGE_CHRISTMAS_STICKERS_,22738,RIBBON_REEL_SNOWY_VILLAGE,0.8173556944710562
22732,3D_VINTAGE_CHRISTMAS_STICKERS_,23502,PLAYING_CARDS_VINTAGE_DOILY_,0.800749575619001
22733,3D_TRADITIONAL_CHRISTMAS_STICKERS,22735,RIBBON_REEL_SOCKS_AND_MITTENS,0.8636988467486603
22733,3D_TRADITIONAL_CHRISTMAS_STICKERS,22736,RIBBON_REEL_MAKING_SNOWMEN_,0.853663072612044
22733,3D_TRADITIONAL_CHRISTMAS_STICKERS,22738,RIBBON_REEL_SNOWY_VILLAGE,0.8327192222268489
22733,3D_TRADITIONAL_CHRISTMAS_STICKERS,22739,RIBBON_REEL_CHRISTMAS_SOCK_BAUBLE,0.8098470998740442
22733,3D_TRADITIONAL_CHRISTMAS_STICKERS,22742,MAKE_YOUR_OWN_PLAYTIME_CARD_KIT,0.8328607326395101
22733,3D_TRADITIONAL_CHRISTMAS_STICKERS,23502,PLAYING_CARDS_VINTAGE_DOILY_,0.8609333080360508
22733,3D_TRADITIONAL_CHRISTMAS_STICKERS,85049G,CHOCOLATE_BOX_RIBBONS_,0.8068908926186406
22735,RIBBON_REEL_SOCKS_AND_MITTENS,22736,RIBBON_REEL_MAKING_SNOWMEN_,0.9213154003200957
22735,RIBBON_REEL_SOCKS_AND_MITTENS,22737,RIBBON_REEL_CHRISTMAS_PRESENT_,0.8430571044139046
22735,RIBBON_REEL_SOCKS_AND_MITTENS,22738,RIBBON_REEL_SNOWY_VILLAGE,0.9298599675031609
22735,RIBBON_REEL_SOCKS_AND_MITTENS,22739,RIBBON_REEL_CHRISTMAS_SOCK_BAUBLE,0.8506003421199115
22735,RIBBON_REEL_SOCKS_AND_MITTENS,22742,MAKE_YOUR_OWN_PLAYTIME_CARD_KIT,0.8680946635537466
22735,RIBBON_REEL_SOCKS_AND_MITTENS,23502,PLAYING_CARDS_VINTAGE_DOILY_,0.898475692790855
22735,RIBBON_REEL_SOCKS_AND_MITTENS,23504,PLAYING_CARDS_JUBILEE_UNION_JACK,0.8189514343915973
22735,RIBBON_REEL_SOCKS_AND_MITTENS,85049G,CHOCOLATE_BOX_RIBBONS_,0.865136898347612
22736,RIBBON_REEL_MAKING_SNOWMEN_,22737,RIBBON_REEL_CHRISTMAS_PRESENT_,0.8160358976396932
22736,RIBBON_REEL_MAKING_SNOWMEN_,22738,RIBBON_REEL_SNOWY_VILLAGE,0.9214402870954781
22736,RIBBON_REEL_MAKING_SNOWMEN_,22739,RIBBON_REEL_CHRISTMAS_SOCK_BAUBLE,0.8205752020777425
22736,RIBBON_REEL_MAKING_SNOWMEN_,22742,MAKE_YOUR_OWN_PLAYTIME_CARD_KIT,0.8264856712956752
22736,RIBBON_REEL_MAKING_SNOWMEN_,23502,PLAYING_CARDS_VINTAGE_DOILY_,0.8592116320569334
22736,RIBBON_REEL_MAKING_SNOWMEN_,85049G,CHOCOLATE_BOX_RIBBONS_,0.8090493218782959
22737,RIBBON_REEL_CHRISTMAS_PRESENT_,22738,RIBBON_REEL_SNOWY_VILLAGE,0.8123109869095544
22737,RIBBON_REEL_CHRISTMAS_PRESENT_,22739,RIBBON_REEL_CHRISTMAS_SOCK_BAUBLE,0.8367391999084616
22738,RIBBON_REEL_SNOWY_VILLAGE,22739,RIBBON_REEL_CHRISTMAS_SOCK_BAUBLE,0.8630741166954478
22738,RIBBON_REEL_SNOWY_VILLAGE,22742,MAKE_YOUR_OWN_PLAYTIME_CARD_KIT,0.8316065161909447
22738,RIBBON_REEL_SNOWY_VILLAGE,23502,PLAYING_CARDS_VINTAGE_DOILY_,0.8615683079180803
22738,RIBBON_REEL_SNOWY_VILLAGE,85049G,CHOCOLATE_BOX_RIBBONS_,0.8255243099710275
22739,RIBBON_REEL_CHRISTMAS_SOCK_BAUBLE,23502,PLAYING_CARDS_VINTAGE_DOILY_,0.8140424677455097
22742,MAKE_YOUR_OWN_PLAYTIME_CARD_KIT,23502,PLAYING_CARDS_VINTAGE_DOILY_,0.872145047012437
22742,MAKE_YOUR_OWN_PLAYTIME_CARD_KIT,23504,PLAYING_CARDS_JUBILEE_UNION_JACK,0.8087588098937656
22745,POPPY'S_PLAYHOUSE_BEDROOM_,22746,POPPY'S_PLAYHOUSE_LIVINGROOM_,0.8352447752136773
22745,POPPY'S_PLAYHOUSE_BEDROOM_,22747,POPPY'S_PLAYHOUSE_BATHROOM,0.8162184672314877
22745,POPPY'S_PLAYHOUSE_BEDROOM_,22748,POPPY'S_PLAYHOUSE_KITCHEN,0.8842497651858888
22746,POPPY'S_PLAYHOUSE_LIVINGROOM_,22747,POPPY'S_PLAYHOUSE_BATHROOM,0.8817760911159107
22746,POPPY'S_PLAYHOUSE_LIVINGROOM_,22748,POPPY'S_PLAYHOUSE_KITCHEN,0.8238663478867098
22749,FELTCRAFT_PRINCESS_CHARLOTTE_DOLL,22750,FELTCRAFT_PRINCESS_LOLA_DOLL,0.8335382950524963
22750,FELTCRAFT_PRINCESS_LOLA_DOLL,22751,FELTCRAFT_PRINCESS_OLIVIA_DOLL,0.8095598414366737
22760,"TRAY,_BREAKFAST_IN_BED",22893,MINI_CAKE_STAND_T-LIGHT_HOLDER,0.9101855880648293
22760,"TRAY,_BREAKFAST_IN_BED",22954,HEN_PARTY_CORDON_BARRIER_TAPE,0.8238512320971485
22760,"TRAY,_BREAKFAST_IN_BED",23263,SET_OF_3_WOODEN_HEART_DECORATIONS,0.8028659495259433
22760,"TRAY,_BREAKFAST_IN_BED",23264,SET_OF_3_WOODEN_SLEIGH_DECORATIONS,0.8428699307142027
22760,"TRAY,_BREAKFAST_IN_BED",23265,SET_OF_3_WOODEN_TREE_DECORATIONS,0.8501561739390815
22760,"TRAY,_BREAKFAST_IN_BED",23266,SET_OF_3_WOODEN_STOCKING_DECORATION,0.848530166183788
22760,"TRAY,_BREAKFAST_IN_BED",35653,VINTAGE_BEAD_NOTEBOOK,0.9463674002427278
22760,"TRAY,_BREAKFAST_IN_BED",46000R,POLYESTER_FILLER_PAD_45x30cm,0.9198221630291803
22760,"TRAY,_BREAKFAST_IN_BED",46000U,POLYESTER_FILLER_PAD_30CMx30CM,0.9084758629432088
22760,"TRAY,_BREAKFAST_IN_BED",47421,ASSORTED_COLOUR_LIZARD_SUCTION_HOOK,0.9541503409283699
22760,"TRAY,_BREAKFAST_IN_BED",47563A,RETRO_LONGBOARD_IRONING_BOARD_COVER,0.9297251863148716
22760,"TRAY,_BREAKFAST_IN_BED",71406C,BLACK_ORANGE_SQUEEZER,0.9502005614520453
22760,"TRAY,_BREAKFAST_IN_BED",79321,CHILLI_LIGHTS,0.8361761744672878
22760,"TRAY,_BREAKFAST_IN_BED",82001S,VINYL_RECORD_FRAME_SILVER,0.8014205205648484
22760,"TRAY,_BREAKFAST_IN_BED",84341B,SMALL_PINK_MAGIC_CHRISTMAS_TREE,0.8018982540214487
22760,"TRAY,_BREAKFAST_IN_BED",84659A,WHITE_TRAVEL_ALARM_CLOCK,0.8527281333305533
22760,"TRAY,_BREAKFAST_IN_BED",85114B,IVORY_ENCHANTED_FOREST_PLACEMAT,0.9117052539997131
22772,PINK_DRAWER_KNOB_ACRYLIC_EDWARDIAN,22775,PURPLE_DRAWERKNOB_ACRYLIC_EDWARDIAN,0.851440441404982
22774,RED_DRAWER_KNOB_ACRYLIC_EDWARDIAN,22775,PURPLE_DRAWERKNOB_ACRYLIC_EDWARDIAN,0.8117384681444471
22779,WOODEN_OWLS_LIGHT_GARLAND_,22780,LIGHT_GARLAND_BUTTERFILES_PINK,0.8092090547824712
22788,BROCANTE_COAT_RACK,47421,ASSORTED_COLOUR_LIZARD_SUCTION_HOOK,0.8013595472972969
22844,VINTAGE_CREAM_DOG_FOOD_CONTAINER,22845,VINTAGE_CREAM_CAT_FOOD_CONTAINER,0.8484678724185686
22869,NUMBER_TILE_COTTAGE_GARDEN_1,22870,NUMBER_TILE_COTTAGE_GARDEN_2,0.9791327286501321
22869,NUMBER_TILE_COTTAGE_GARDEN_1,22872,NUMBER_TILE_COTTAGE_GARDEN_4,0.9446042921408383
22869,NUMBER_TILE_COTTAGE_GARDEN_1,22876,NUMBER_TILE_COTTAGE_GARDEN_8,0.9810947348259895
22869,NUMBER_TILE_COTTAGE_GARDEN_1,22877,NUMBER_TILE_COTTAGE_GARDEN_9,0.9536406003866147
22869,NUMBER_TILE_COTTAGE_GARDEN_1,22878,NUMBER_TILE_COTTAGE_GARDEN_No,0.9776405211959098
22870,NUMBER_TILE_COTTAGE_GARDEN_2,22872,NUMBER_TILE_COTTAGE_GARDEN_4,0.9536885987801657
22870,NUMBER_TILE_COTTAGE_GARDEN_2,22876,NUMBER_TILE_COTTAGE_GARDEN_8,0.9903836544460376
22870,NUMBER_TILE_COTTAGE_GARDEN_2,22877,NUMBER_TILE_COTTAGE_GARDEN_9,0.948200705746797
22870,NUMBER_TILE_COTTAGE_GARDEN_2,22878,NUMBER_TILE_COTTAGE_GARDEN_No,0.9869291099160241
22872,NUMBER_TILE_COTTAGE_GARDEN_4,22876,NUMBER_TILE_COTTAGE_GARDEN_8,0.9630907773323795
22872,NUMBER_TILE_COTTAGE_GARDEN_4,22877,NUMBER_TILE_COTTAGE_GARDEN_9,0.9076536151933227
22872,NUMBER_TILE_COTTAGE_GARDEN_4,22878,NUMBER_TILE_COTTAGE_GARDEN_No,0.9596999515823507
22876,NUMBER_TILE_COTTAGE_GARDEN_8,22877,NUMBER_TILE_COTTAGE_GARDEN_9,0.9428095584592422
22876,NUMBER_TILE_COTTAGE_GARDEN_8,22878,NUMBER_TILE_COTTAGE_GARDEN_No,0.9965445748041034
22877,NUMBER_TILE_COTTAGE_GARDEN_9,22878,NUMBER_TILE_COTTAGE_GARDEN_No,0.9591084869850978
22882,NUMBER_TILE_VINTAGE_FONT_3,22884,NUMBER_TILE_VINTAGE_FONT_5,0.8801487541256148
22893,MINI_CAKE_STAND_T-LIGHT_HOLDER,22954,HEN_PARTY_CORDON_BARRIER_TAPE,0.8202125313276842
22893,MINI_CAKE_STAND_T-LIGHT_HOLDER,23264,SET_OF_3_WOODEN_SLEIGH_DECORATIONS,0.8229778764881698
22893,MINI_CAKE_STAND_T-LIGHT_HOLDER,23265,SET_OF_3_WOODEN_TREE_DECORATIONS,0.8450982251504465
22893,MINI_CAKE_STAND_T-LIGHT_HOLDER,23266,SET_OF_3_WOODEN_STOCKING_DECORATION,0.8332348615970121
22893,MINI_CAKE_STAND_T-LIGHT_HOLDER,35653,VINTAGE_BEAD_NOTEBOOK,0.9420538586999077
22893,MINI_CAKE_STAND_T-LIGHT_HOLDER,46000R,POLYESTER_FILLER_PAD_45x30cm,0.9156762416546219
22893,MINI_CAKE_STAND_T-LIGHT_HOLDER,46000U,POLYESTER_FILLER_PAD_30CMx30CM,0.9043636278915917
22893,MINI_CAKE_STAND_T-LIGHT_HOLDER,47421,ASSORTED_COLOUR_LIZARD_SUCTION_HOOK,0.9497821577018897
22893,MINI_CAKE_STAND_T-LIGHT_HOLDER,47563A,RETRO_LONGBOARD_IRONING_BOARD_COVER,0.913531453947256
22893,MINI_CAKE_STAND_T-LIGHT_HOLDER,71406C,BLACK_ORANGE_SQUEEZER,0.9458587993491062
22893,MINI_CAKE_STAND_T-LIGHT_HOLDER,79321,CHILLI_LIGHTS,0.8289025257254525
22893,MINI_CAKE_STAND_T-LIGHT_HOLDER,84659A,WHITE_TRAVEL_ALARM_CLOCK,0.848876021431252
22893,MINI_CAKE_STAND_T-LIGHT_HOLDER,85114B,IVORY_ENCHANTED_FOREST_PLACEMAT,0.9198669512921489
22916,HERB_MARKER_THYME,22917,HERB_MARKER_ROSEMARY,0.9152721607372271
22916,HERB_MARKER_THYME,22918,HERB_MARKER_PARSLEY,0.8627278943650603
22916,HERB_MARKER_THYME,22919,HERB_MARKER_MINT,0.8565989674335732
22916,HERB_MARKER_THYME,22920,HERB_MARKER_BASIL,0.8943370828242319
22916,HERB_MARKER_THYME,22921,HERB_MARKER_CHIVES_,0.9035546955941699
22917,HERB_MARKER_ROSEMARY,22918,HERB_MARKER_PARSLEY,0.9650153341405331
22917,HERB_MARKER_ROSEMARY,22919,HERB_MARKER_MINT,0.937481159594159
22917,HERB_MARKER_ROSEMARY,22920,HERB_MARKER_BASIL,0.9887139742703951
22917,HERB_MARKER_ROSEMARY,22921,HERB_MARKER_CHIVES_,0.8537801251461073
22918,HERB_MARKER_PARSLEY,22919,HERB_MARKER_MINT,0.9545705030503071
22918,HERB_MARKER_PARSLEY,22920,HERB_MARKER_BASIL,0.962672861887975
22918,HERB_MARKER_PARSLEY,22921,HERB_MARKER_CHIVES_,0.8730847455211656
22919,HERB_MARKER_MINT,22920,HERB_MARKER_BASIL,0.915730813781174
22919,HERB_MARKER_MINT,22921,HERB_MARKER_CHIVES_,0.8783786450663033
22920,HERB_MARKER_BASIL,22921,HERB_MARKER_CHIVES_,0.838459806683824
22954,HEN_PARTY_CORDON_BARRIER_TAPE,35653,VINTAGE_BEAD_NOTEBOOK,0.8577569628221451
22954,HEN_PARTY_CORDON_BARRIER_TAPE,46000R,POLYESTER_FILLER_PAD_45x30cm,0.8334196437296378
22954,HEN_PARTY_CORDON_BARRIER_TAPE,46000U,POLYESTER_FILLER_PAD_30CMx30CM,0.8232430554168114
22954,HEN_PARTY_CORDON_BARRIER_TAPE,47421,ASSORTED_COLOUR_LIZARD_SUCTION_HOOK,0.8649252711195619
22954,HEN_PARTY_CORDON_BARRIER_TAPE,47563A,RETRO_LONGBOARD_IRONING_BOARD_COVER,0.852453422496224
22954,HEN_PARTY_CORDON_BARRIER_TAPE,71406C,BLACK_ORANGE_SQUEEZER,0.8612952056073716
22954,HEN_PARTY_CORDON_BARRIER_TAPE,85114B,IVORY_ENCHANTED_FOREST_PLACEMAT,0.8315563737540801
22972,CHILDRENS_SPACEBOY_MUG,22974,CHILDRENS_DOLLY_GIRL_MUG,0.8089855666781163
22995,TRAVEL_CARD_WALLET_SUKI,22998,TRAVEL_CARD_WALLET_KEEP_CALM,0.8658941980992119
22995,TRAVEL_CARD_WALLET_SUKI,22999,TRAVEL_CARD_WALLET_RETRO_PETALS,0.8457776948852276
22995,TRAVEL_CARD_WALLET_SUKI,23002,TRAVEL_CARD_WALLET_SKULLS,0.8856804876023554
22995,TRAVEL_CARD_WALLET_SUKI,23004,TRAVEL_CARD_WALLET_PANTRY,0.879554336228226
22995,TRAVEL_CARD_WALLET_SUKI,23005,TRAVEL_CARD_WALLET_I_LOVE_LONDON,0.847261360292797
22997,TRAVEL_CARD_WALLET_UNION_JACK,22998,TRAVEL_CARD_WALLET_KEEP_CALM,0.8499150510318103
22997,TRAVEL_CARD_WALLET_UNION_JACK,23000,TRAVEL_CARD_WALLET_TRANSPORT,0.8640524186439568
22997,TRAVEL_CARD_WALLET_UNION_JACK,23002,TRAVEL_CARD_WALLET_SKULLS,0.8267920283528061
22997,TRAVEL_CARD_WALLET_UNION_JACK,23005,TRAVEL_CARD_WALLET_I_LOVE_LONDON,0.8668797793617833
22997,TRAVEL_CARD_WALLET_UNION_JACK,79063C,"RETRO_PILL_BOX_KEY_CHAIN,THE_KING",0.8583800431623589
22998,TRAVEL_CARD_WALLET_KEEP_CALM,22999,TRAVEL_CARD_WALLET_RETRO_PETALS,0.909068760873412
22998,TRAVEL_CARD_WALLET_KEEP_CALM,23000,TRAVEL_CARD_WALLET_TRANSPORT,0.9012349449843358
22998,TRAVEL_CARD_WALLET_KEEP_CALM,23002,TRAVEL_CARD_WALLET_SKULLS,0.8648659726255813
22998,TRAVEL_CARD_WALLET_KEEP_CALM,23004,TRAVEL_CARD_WALLET_PANTRY,0.9092094320000981
22998,TRAVEL_CARD_WALLET_KEEP_CALM,23005,TRAVEL_CARD_WALLET_I_LOVE_LONDON,0.941229557609058
22999,TRAVEL_CARD_WALLET_RETRO_PETALS,23000,TRAVEL_CARD_WALLET_TRANSPORT,0.8791914660503022
22999,TRAVEL_CARD_WALLET_RETRO_PETALS,23002,TRAVEL_CARD_WALLET_SKULLS,0.8023766101888836
22999,TRAVEL_CARD_WALLET_RETRO_PETALS,23004,TRAVEL_CARD_WALLET_PANTRY,0.8825094590489015
22999,TRAVEL_CARD_WALLET_RETRO_PETALS,23005,TRAVEL_CARD_WALLET_I_LOVE_LONDON,0.8853491728416164
23000,TRAVEL_CARD_WALLET_TRANSPORT,23002,TRAVEL_CARD_WALLET_SKULLS,0.824965139687691
23000,TRAVEL_CARD_WALLET_TRANSPORT,23004,TRAVEL_CARD_WALLET_PANTRY,0.8488625473136412
23000,TRAVEL_CARD_WALLET_TRANSPORT,23005,TRAVEL_CARD_WALLET_I_LOVE_LONDON,0.9220877861197403
23002,TRAVEL_CARD_WALLET_SKULLS,23004,TRAVEL_CARD_WALLET_PANTRY,0.8315725357636745
23002,TRAVEL_CARD_WALLET_SKULLS,23005,TRAVEL_CARD_WALLET_I_LOVE_LONDON,0.8650664996499231
23004,TRAVEL_CARD_WALLET_PANTRY,23005,TRAVEL_CARD_WALLET_I_LOVE_LONDON,0.9340956374471485
23008,DOLLY_GIRL_BABY_GIFT_SET,23010,CIRCUS_PARADE_BABY_GIFT_SET,0.8035644104989139
23043,PAPER_LANTERN_9_POINT_HOLLY_STAR_L,47503H,ASS_FLORAL_PRINT_SPIRIT_LEVEL_,0.8313048369315236
23049,RECYCLED_ACAPULCO_MAT_RED,23050,RECYCLED_ACAPULCO_MAT_GREEN,0.934893263929965
23049,RECYCLED_ACAPULCO_MAT_RED,23051,RECYCLED_ACAPULCO_MAT_BLUE,0.910792392328806
23049,RECYCLED_ACAPULCO_MAT_RED,23052,RECYCLED_ACAPULCO_MAT_TURQUOISE,0.9614902144357393
23050,RECYCLED_ACAPULCO_MAT_GREEN,23051,RECYCLED_ACAPULCO_MAT_BLUE,0.9409463629116507
23050,RECYCLED_ACAPULCO_MAT_GREEN,23052,RECYCLED_ACAPULCO_MAT_TURQUOISE,0.943252605073093
23051,RECYCLED_ACAPULCO_MAT_BLUE,23052,RECYCLED_ACAPULCO_MAT_TURQUOISE,0.9009688783830565
23055,IVORY_CHANDELIER_T-LIGHT_HOLDER,23057,BEADED_CHANDELIER_T-LIGHT_HOLDER,0.8543144617291345
23080,RED_METAL_BOX_TOP_SECRET,23081,GREEN_METAL_BOX_ARMY_SUPPLIES,0.8437569846107287
23212,HEART_WREATH_DECORATION_WITH_BELL,23213,STAR_WREATH_DECORATION_WITH_BELL,0.8199419937205144
23254,CHILDRENS_CUTLERY_DOLLY_GIRL_,23256,CHILDRENS_CUTLERY_SPACEBOY_,0.8418795493745961
23263,SET_OF_3_WOODEN_HEART_DECORATIONS,23264,SET_OF_3_WOODEN_SLEIGH_DECORATIONS,0.807174607851061
23263,SET_OF_3_WOODEN_HEART_DECORATIONS,23265,SET_OF_3_WOODEN_TREE_DECORATIONS,0.870589969161537
23263,SET_OF_3_WOODEN_HEART_DECORATIONS,23266,SET_OF_3_WOODEN_STOCKING_DECORATION,0.8350343927969796
23263,SET_OF_3_WOODEN_HEART_DECORATIONS,35653,VINTAGE_BEAD_NOTEBOOK,0.8331071238985768
23263,SET_OF_3_WOODEN_HEART_DECORATIONS,46000R,POLYESTER_FILLER_PAD_45x30cm,0.8073016977913248
23263,SET_OF_3_WOODEN_HEART_DECORATIONS,46000U,POLYESTER_FILLER_PAD_30CMx30CM,0.8112387481481748
23263,SET_OF_3_WOODEN_HEART_DECORATIONS,47421,ASSORTED_COLOUR_LIZARD_SUCTION_HOOK,0.8412884782883833
23263,SET_OF_3_WOODEN_HEART_DECORATIONS,47563A,RETRO_LONGBOARD_IRONING_BOARD_COVER,0.808500090055509
23263,SET_OF_3_WOODEN_HEART_DECORATIONS,71406C,BLACK_ORANGE_SQUEEZER,0.8370433647538554
23264,SET_OF_3_WOODEN_SLEIGH_DECORATIONS,23265,SET_OF_3_WOODEN_TREE_DECORATIONS,0.8894082820807702
23264,SET_OF_3_WOODEN_SLEIGH_DECORATIONS,23266,SET_OF_3_WOODEN_STOCKING_DECORATION,0.9072036878151429
23264,SET_OF_3_WOODEN_SLEIGH_DECORATIONS,35653,VINTAGE_BEAD_NOTEBOOK,0.8585582085490195
23264,SET_OF_3_WOODEN_SLEIGH_DECORATIONS,46000R,POLYESTER_FILLER_PAD_45x30cm,0.8329181636474636
23264,SET_OF_3_WOODEN_SLEIGH_DECORATIONS,46000U,POLYESTER_FILLER_PAD_30CMx30CM,0.8263195228723119
23264,SET_OF_3_WOODEN_SLEIGH_DECORATIONS,47421,ASSORTED_COLOUR_LIZARD_SUCTION_HOOK,0.8668063552294537
23264,SET_OF_3_WOODEN_SLEIGH_DECORATIONS,47563A,RETRO_LONGBOARD_IRONING_BOARD_COVER,0.8456741576682167
23264,SET_OF_3_WOODEN_SLEIGH_DECORATIONS,71406C,BLACK_ORANGE_SQUEEZER,0.8623948355182252
23264,SET_OF_3_WOODEN_SLEIGH_DECORATIONS,85114B,IVORY_ENCHANTED_FOREST_PLACEMAT,0.8271668968350017
23265,SET_OF_3_WOODEN_TREE_DECORATIONS,23266,SET_OF_3_WOODEN_STOCKING_DECORATION,0.8923131655395858
23265,SET_OF_3_WOODEN_TREE_DECORATIONS,35653,VINTAGE_BEAD_NOTEBOOK,0.8815702184599662
23265,SET_OF_3_WOODEN_TREE_DECORATIONS,46000R,POLYESTER_FILLER_PAD_45x30cm,0.8553605543866382
23265,SET_OF_3_WOODEN_TREE_DECORATIONS,46000U,POLYESTER_FILLER_PAD_30CMx30CM,0.8652576899941857
23265,SET_OF_3_WOODEN_TREE_DECORATIONS,47421,ASSORTED_COLOUR_LIZARD_SUCTION_HOOK,0.8899321147749405
23265,SET_OF_3_WOODEN_TREE_DECORATIONS,47563A,RETRO_LONGBOARD_IRONING_BOARD_COVER,0.8550107096549809
23265,SET_OF_3_WOODEN_TREE_DECORATIONS,71406C,BLACK_ORANGE_SQUEEZER,0.8854825652783709
23265,SET_OF_3_WOODEN_TREE_DECORATIONS,84659A,WHITE_TRAVEL_ALARM_CLOCK,0.8072505086752478
23265,SET_OF_3_WOODEN_TREE_DECORATIONS,85114B,IVORY_ENCHANTED_FOREST_PLACEMAT,0.8497257520978306
23266,SET_OF_3_WOODEN_STOCKING_DECORATION,35653,VINTAGE_BEAD_NOTEBOOK,0.8690837123681263
23266,SET_OF_3_WOODEN_STOCKING_DECORATION,46000R,POLYESTER_FILLER_PAD_45x30cm,0.8451243306786543
23266,SET_OF_3_WOODEN_STOCKING_DECORATION,46000U,POLYESTER_FILLER_PAD_30CMx30CM,0.8526732761280728
23266,SET_OF_3_WOODEN_STOCKING_DECORATION,47421,ASSORTED_COLOUR_LIZARD_SUCTION_HOOK,0.8771546974043617
23266,SET_OF_3_WOODEN_STOCKING_DECORATION,47563A,RETRO_LONGBOARD_IRONING_BOARD_COVER,0.8489451114900317
23266,SET_OF_3_WOODEN_STOCKING_DECORATION,71406C,BLACK_ORANGE_SQUEEZER,0.8729843767913567
23266,SET_OF_3_WOODEN_STOCKING_DECORATION,85114B,IVORY_ENCHANTED_FOREST_PLACEMAT,0.840136605158754
23286,BLUE_VINTAGE_SPOT_BEAKER,23287,RED_VINTAGE_SPOT_BEAKER,0.9245095078933122
23289,DOLLY_GIRL_CHILDRENS_BOWL,23290,SPACEBOY_CHILDRENS_BOWL,0.9155185845218068
23289,DOLLY_GIRL_CHILDRENS_BOWL,23291,DOLLY_GIRL_CHILDRENS_CUP,0.9216796842964964
23289,DOLLY_GIRL_CHILDRENS_BOWL,23292,SPACE_BOY_CHILDRENS_CUP,0.9130422506118734
23290,SPACEBOY_CHILDRENS_BOWL,23291,DOLLY_GIRL_CHILDRENS_CUP,0.8688304919168947
23290,SPACEBOY_CHILDRENS_BOWL,23292,SPACE_BOY_CHILDRENS_CUP,0.8859531630152518
23291,DOLLY_GIRL_CHILDRENS_CUP,23292,SPACE_BOY_CHILDRENS_CUP,0.9057128768090165
23293,SET_OF_12_FAIRY_CAKE_BAKING_CASES,23294,SET_OF_6_SNACK_LOAF_BAKING_CASES,0.8053802548425728
23300,GARDENERS_KNEELING_PAD_CUP_OF_TEA_,23301,GARDENERS_KNEELING_PAD_KEEP_CALM_,0.8022808114248262
23324,RUSTIC_STRAWBERRY_JAM_POT_LARGE_,23325,RUSTIC_STRAWBERRY_JAM_POT_SMALL,0.8418310308851044
23336,EGG_FRYING_PAN_PINK_,23339,EGG_FRYING_PAN_BLUE_,0.806485316003122
23337,EGG_FRYING_PAN_MINT_,23339,EGG_FRYING_PAN_BLUE_,0.824234578074797
23375,50'S_CHRISTMAS_PAPER_GIFT_BAG,23437,_50'S_CHRISTMAS_GIFT_BAG_LARGE,0.822358749619328
23430,BLUE_RETRO_KITCHEN_WALL_CLOCK,90160C,TURQ+RED_BOUDICCA_LARGE_BRACELET,0.8162126364801732
23430,BLUE_RETRO_KITCHEN_WALL_CLOCK,90161C,ANT_COPPER_LIME_BOUDICCA_BRACELET,0.870256659550069
23430,BLUE_RETRO_KITCHEN_WALL_CLOCK,90200A,PURPLE_SWEETHEART_BRACELET,0.9355556258889695
23474,WOODLAND_SMALL_BLUE_FELT_HEART,84457,SET/3_RABBITS_FLOWER_SKIPPPING_ROPE,0.8654321803928843
23502,PLAYING_CARDS_VINTAGE_DOILY_,23504,PLAYING_CARDS_JUBILEE_UNION_JACK,0.8059874924278567
23502,PLAYING_CARDS_VINTAGE_DOILY_,85049G,CHOCOLATE_BOX_RIBBONS_,0.8293265814581136
23521,CAT_AND_BIRD_WALL_ART,23522,DOG_AND_BALL_WALL_ART,0.9906936040138402
23528,SPACEBOY_WALL_ART,23529,DOLLY_GIRL_WALL_ART,0.8919768456083138
23554,LANDMARK_FRAME_OXFORD_STREET,23556,LANDMARK_FRAME_COVENT_GARDEN_,0.8735281097752498
23576,SNACK_TRAY_RED_VINTAGE_DOILY,23580,SNACK_TRAY_HAPPY_FOREST__,0.9805715471294699
35646,VINTAGE_BEAD_PINK_EVENING_BAG,35651,VINTAGE_BEAD_PINK_SCARF_,0.8840105082769854
35653,VINTAGE_BEAD_NOTEBOOK,46000R,POLYESTER_FILLER_PAD_45x30cm,0.9612617522091038
35653,VINTAGE_BEAD_NOTEBOOK,46000U,POLYESTER_FILLER_PAD_30CMx30CM,0.9446539616932628
35653,VINTAGE_BEAD_NOTEBOOK,47421,ASSORTED_COLOUR_LIZARD_SUCTION_HOOK,0.9915504488908983
35653,VINTAGE_BEAD_NOTEBOOK,47563A,RETRO_LONGBOARD_IRONING_BOARD_COVER,0.9546674818742058
35653,VINTAGE_BEAD_NOTEBOOK,71406C,BLACK_ORANGE_SQUEEZER,0.987547007606132
35653,VINTAGE_BEAD_NOTEBOOK,79160,HEART_SHAPE_WIRELESS_DOORBELL,0.8222293907910007
35653,VINTAGE_BEAD_NOTEBOOK,79321,CHILLI_LIGHTS,0.8769141696201701
35653,VINTAGE_BEAD_NOTEBOOK,82001S,VINYL_RECORD_FRAME_SILVER,0.8346343645020519
35653,VINTAGE_BEAD_NOTEBOOK,84341B,SMALL_PINK_MAGIC_CHRISTMAS_TREE,0.8180059714381042
35653,VINTAGE_BEAD_NOTEBOOK,84509B,SET_OF_4_FAIRY_CAKE_PLACEMATS,0.8118724276064465
35653,VINTAGE_BEAD_NOTEBOOK,84659A,WHITE_TRAVEL_ALARM_CLOCK,0.8867805783962255
35653,VINTAGE_BEAD_NOTEBOOK,85114B,IVORY_ENCHANTED_FOREST_PLACEMAT,0.9485845220869918
35809A,ENAMEL_PINK_TEA_CONTAINER,35810A,ENAMEL_PINK_COFFEE_CONTAINER,0.8067402420435049
37446,MINI_CAKE_STAND_WITH_HANGING_CAKES,37449,CERAMIC_CAKE_STAND_+_HANGING_CAKES,0.8098404751217676
37449,CERAMIC_CAKE_STAND_+_HANGING_CAKES,84356,POMPOM_CURTAIN,0.8115086453079037
37479P,CUBIC_MUG_FLOCK_PINK_ON_BROWN,72130,COLUMBIAN_CANDLE_ROUND,0.8035536581050413
37479P,CUBIC_MUG_FLOCK_PINK_ON_BROWN,72131,COLUMBIAN_CANDLE_RECTANGLE,0.80510138566905
37479P,CUBIC_MUG_FLOCK_PINK_ON_BROWN,90114,SUMMER_DAISIES_BAG_CHARM,0.8166439099717174
37489A,YELLOW/PINK_FLOWER_DESIGN_BIG_MUG,37489B,BLUE/YELLOW_FLOWER_DESIGN_BIG_MUG,1.0
37489A,YELLOW/PINK_FLOWER_DESIGN_BIG_MUG,37489D,PINK/GREEN_FLOWER_DESIGN_BIG_MUG,1.0
37489B,BLUE/YELLOW_FLOWER_DESIGN_BIG_MUG,37489D,PINK/GREEN_FLOWER_DESIGN_BIG_MUG,1.0
46000R,POLYESTER_FILLER_PAD_45x30cm,46000U,POLYESTER_FILLER_PAD_30CMx30CM,0.9185106336358396
46000R,POLYESTER_FILLER_PAD_45x30cm,47421,ASSORTED_COLOUR_LIZARD_SUCTION_HOOK,0.9644349179773781
46000R,POLYESTER_FILLER_PAD_45x30cm,47563A,RETRO_LONGBOARD_IRONING_BOARD_COVER,0.9279859828269039
46000R,POLYESTER_FILLER_PAD_45x30cm,71406C,BLACK_ORANGE_SQUEEZER,0.9604857313820816
46000R,POLYESTER_FILLER_PAD_45x30cm,79160,HEART_SHAPE_WIRELESS_DOORBELL,0.8102876364829089
46000R,POLYESTER_FILLER_PAD_45x30cm,79321,CHILLI_LIGHTS,0.847367670632855
46000R,POLYESTER_FILLER_PAD_45x30cm,82001S,VINYL_RECORD_FRAME_SILVER,0.8108270969809507
46000R,POLYESTER_FILLER_PAD_45x30cm,84659A,WHITE_TRAVEL_ALARM_CLOCK,0.8621874041046852
46000R,POLYESTER_FILLER_PAD_45x30cm,85114B,IVORY_ENCHANTED_FOREST_PLACEMAT,0.9220200219588408
46000U,POLYESTER_FILLER_PAD_30CMx30CM,47421,ASSORTED_COLOUR_LIZARD_SUCTION_HOOK,0.9522773541428416
46000U,POLYESTER_FILLER_PAD_30CMx30CM,47563A,RETRO_LONGBOARD_IRONING_BOARD_COVER,0.9165028348409455
46000U,POLYESTER_FILLER_PAD_30CMx30CM,71406C,BLACK_ORANGE_SQUEEZER,0.9483986095546894
46000U,POLYESTER_FILLER_PAD_30CMx30CM,79321,CHILLI_LIGHTS,0.8326057058597716
46000U,POLYESTER_FILLER_PAD_30CMx30CM,82001S,VINYL_RECORD_FRAME_SILVER,0.8009735663270212
46000U,POLYESTER_FILLER_PAD_30CMx30CM,84659A,WHITE_TRAVEL_ALARM_CLOCK,0.8514469754732588
46000U,POLYESTER_FILLER_PAD_30CMx30CM,85114B,IVORY_ENCHANTED_FOREST_PLACEMAT,0.910630540938232
47341B,BLUE_TABLE_RUN_FLOWER,84658,WHITE_STITCHED_CUSHION_COVER,0.821367109222268
47421,ASSORTED_COLOUR_LIZARD_SUCTION_HOOK,47563A,RETRO_LONGBOARD_IRONING_BOARD_COVER,0.9624789926650439
47421,ASSORTED_COLOUR_LIZARD_SUCTION_HOOK,71406C,BLACK_ORANGE_SQUEEZER,0.9954059216044865
47421,ASSORTED_COLOUR_LIZARD_SUCTION_HOOK,79160,HEART_SHAPE_WIRELESS_DOORBELL,0.8291725015924151
47421,ASSORTED_COLOUR_LIZARD_SUCTION_HOOK,79321,CHILLI_LIGHTS,0.8759459571967457
47421,ASSORTED_COLOUR_LIZARD_SUCTION_HOOK,82001S,VINYL_RECORD_FRAME_SILVER,0.8416612358289048
47421,ASSORTED_COLOUR_LIZARD_SUCTION_HOOK,84341B,SMALL_PINK_MAGIC_CHRISTMAS_TREE,0.8248888774848033
47421,ASSORTED_COLOUR_LIZARD_SUCTION_HOOK,84509B,SET_OF_4_FAIRY_CAKE_PLACEMATS,0.8188294318035813
47421,ASSORTED_COLOUR_LIZARD_SUCTION_HOOK,84659A,WHITE_TRAVEL_ALARM_CLOCK,0.8939580982051804
47421,ASSORTED_COLOUR_LIZARD_SUCTION_HOOK,85114B,IVORY_ENCHANTED_FOREST_PLACEMAT,0.9563680505476667
47422,ASSORTED_MONKEY_SUCTION_CUP_HOOK,79321,CHILLI_LIGHTS,0.8001808667563723
47518F,ICON_PLACEMAT_POP_ART_ELVIS,84985A,SET_OF_72_GREEN_PAPER_DOILIES,0.844168646661867
47563A,RETRO_LONGBOARD_IRONING_BOARD_COVER,71406C,BLACK_ORANGE_SQUEEZER,0.9585120033131594
47563A,RETRO_LONGBOARD_IRONING_BOARD_COVER,79321,CHILLI_LIGHTS,0.8525991551908736
47563A,RETRO_LONGBOARD_IRONING_BOARD_COVER,82001S,VINYL_RECORD_FRAME_SILVER,0.8115473751512666
47563A,RETRO_LONGBOARD_IRONING_BOARD_COVER,84659A,WHITE_TRAVEL_ALARM_CLOCK,0.8602786480646538
47563A,RETRO_LONGBOARD_IRONING_BOARD_COVER,85114B,IVORY_ENCHANTED_FOREST_PLACEMAT,0.9198584932993382
47590A,BLUE_HAPPY_BIRTHDAY_BUNTING,47590B,PINK_HAPPY_BIRTHDAY_BUNTING,0.8380321016628496
47599A,PINK_PARTY_BAGS,47599B,BLUE_PARTY_BAGS_,0.920034517463975
51014A,"FEATHER_PEN,HOT_PINK",84985A,SET_OF_72_GREEN_PAPER_DOILIES,0.8119371753967853
51020A,SUMMER_FUN_DESIGN_SHOWER_CAP,51020B,STRIPY_DESIGN_SHOWER_CAP,0.9180291482624354
71406C,BLACK_ORANGE_SQUEEZER,79160,HEART_SHAPE_WIRELESS_DOORBELL,0.8256612967767345
71406C,BLACK_ORANGE_SQUEEZER,79321,CHILLI_LIGHTS,0.8720690440920896
71406C,BLACK_ORANGE_SQUEEZER,82001S,VINYL_RECORD_FRAME_SILVER,0.8381062762095199
71406C,BLACK_ORANGE_SQUEEZER,84341B,SMALL_PINK_MAGIC_CHRISTMAS_TREE,0.8214064864335017
71406C,BLACK_ORANGE_SQUEEZER,84509B,SET_OF_4_FAIRY_CAKE_PLACEMATS,0.8153179425253348
71406C,BLACK_ORANGE_SQUEEZER,84659A,WHITE_TRAVEL_ALARM_CLOCK,0.8903076847408226
71406C,BLACK_ORANGE_SQUEEZER,85114B,IVORY_ENCHANTED_FOREST_PLACEMAT,0.9524167675859626
72127,COLUMBIAN_CANDLE_ROUND_,72128,COLUMBIAN_CANDLE_ROUND,0.9337435227710832
72127,COLUMBIAN_CANDLE_ROUND_,72130,COLUMBIAN_CANDLE_ROUND,0.9419332315706228
72127,COLUMBIAN_CANDLE_ROUND_,72131,COLUMBIAN_CANDLE_RECTANGLE,0.9435568489670733
72127,COLUMBIAN_CANDLE_ROUND_,72586,SET_OF_6_HALLOWEEN_GHOST_T-LIGHTS,0.8687143952244119
72127,COLUMBIAN_CANDLE_ROUND_,72799E,IVORY_PILLAR_CANDLE_SILVER_FLOCK,0.807133508924623
72127,COLUMBIAN_CANDLE_ROUND_,85107,CUT_GLASS_T-LIGHT_HOLDER_OCTAGON,0.9211332317981198
72127,COLUMBIAN_CANDLE_ROUND_,90114,SUMMER_DAISIES_BAG_CHARM,0.9566981261578167
72128,COLUMBIAN_CANDLE_ROUND,72130,COLUMBIAN_CANDLE_ROUND,0.9879493895546563
72128,COLUMBIAN_CANDLE_ROUND,72131,COLUMBIAN_CANDLE_RECTANGLE,0.9628001586022898
72128,COLUMBIAN_CANDLE_ROUND,72586,SET_OF_6_HALLOWEEN_GHOST_T-LIGHTS,0.9443916328796943
72128,COLUMBIAN_CANDLE_ROUND,72799E,IVORY_PILLAR_CANDLE_SILVER_FLOCK,0.9097106706792568
72128,COLUMBIAN_CANDLE_ROUND,85107,CUT_GLASS_T-LIGHT_HOLDER_OCTAGON,0.9399718201013113
72128,COLUMBIAN_CANDLE_ROUND,85230G,ORANGE_VOTIVE_CANDLE,0.8118036283860868
72128,COLUMBIAN_CANDLE_ROUND,90114,SUMMER_DAISIES_BAG_CHARM,0.9761657899205473
72130,COLUMBIAN_CANDLE_ROUND,72131,COLUMBIAN_CANDLE_RECTANGLE,0.9712551117575471
72130,COLUMBIAN_CANDLE_ROUND,72586,SET_OF_6_HALLOWEEN_GHOST_T-LIGHTS,0.9271509860761501
72130,COLUMBIAN_CANDLE_ROUND,72799E,IVORY_PILLAR_CANDLE_SILVER_FLOCK,0.8797438876112689
72130,COLUMBIAN_CANDLE_ROUND,85107,CUT_GLASS_T-LIGHT_HOLDER_OCTAGON,0.9482147718368292
72130,COLUMBIAN_CANDLE_ROUND,85230G,ORANGE_VOTIVE_CANDLE,0.8188766780520232
72130,COLUMBIAN_CANDLE_ROUND,90114,SUMMER_DAISIES_BAG_CHARM,0.9847476862583275
72131,COLUMBIAN_CANDLE_RECTANGLE,72586,SET_OF_6_HALLOWEEN_GHOST_T-LIGHTS,0.8960163920577622
72131,COLUMBIAN_CANDLE_RECTANGLE,72799E,IVORY_PILLAR_CANDLE_SILVER_FLOCK,0.8325446186729969
72131,COLUMBIAN_CANDLE_RECTANGLE,85107,CUT_GLASS_T-LIGHT_HOLDER_OCTAGON,0.9498533765423629
72131,COLUMBIAN_CANDLE_RECTANGLE,85230G,ORANGE_VOTIVE_CANDLE,0.8204298374112499
72131,COLUMBIAN_CANDLE_RECTANGLE,90114,SUMMER_DAISIES_BAG_CHARM,0.9863846820476782
72351A,SET/6_TURQUOISE_BUTTERFLY_T-LIGHTS,72351B,SET/6_PINK__BUTTERFLY_T-LIGHTS,0.8427109586639396
72586,SET_OF_6_HALLOWEEN_GHOST_T-LIGHTS,72799E,IVORY_PILLAR_CANDLE_SILVER_FLOCK,0.8705692547706286
72586,SET_OF_6_HALLOWEEN_GHOST_T-LIGHTS,85107,CUT_GLASS_T-LIGHT_HOLDER_OCTAGON,0.8790539524429649
72586,SET_OF_6_HALLOWEEN_GHOST_T-LIGHTS,90114,SUMMER_DAISIES_BAG_CHARM,0.9087026149527434
72799E,IVORY_PILLAR_CANDLE_SILVER_FLOCK,85107,CUT_GLASS_T-LIGHT_HOLDER_OCTAGON,0.8124780748098803
72799E,IVORY_PILLAR_CANDLE_SILVER_FLOCK,90114,SUMMER_DAISIES_BAG_CHARM,0.84437312686002
72800B,_4_PURPLE_FLOCK_DINNER_CANDLES,72800C,4_PINK_DINNER_CANDLE_SILVER_FLOCK,0.8681580136887909
75131,METAL_TUBE_CHIME_ON_BAMBOO,84709B,PINK_OVAL_JEWELLED_MIRROR,0.800862810619158
79164,BLACK_WINE_GLASS,84750B,BLACK_SMALL_GLASS_CAKE_STAND,0.812910454046748
79321,CHILLI_LIGHTS,85114B,IVORY_ENCHANTED_FOREST_PLACEMAT,0.8481821592512172
82001S,VINYL_RECORD_FRAME_SILVER,85114B,IVORY_ENCHANTED_FOREST_PLACEMAT,0.8102357482950022
82011B,BATHROOM_SCALES_RUBBER_DUCKS,82011C,BATHROOM_SCALES_FOOTPRINTS_IN_SAND,0.8107525660922675
84012,MAGIC_SHEEP_WOOL_GROWING_FROM_PAPER,84877D,BLUE_ROUND_COMPACT_MIRROR,0.8663981557122878
84313C,ORANGE_TV_TRAY_TABLE_,84461,12_PINK_HEN+CHICKS_IN_BASKET,0.8925844717207507
84352,SILVER_CHRISTMAS_TREE_BAUBLE_STAND_,85114C,RED_ENCHANTED_FOREST_PLACEMAT,0.8146688864465135
84352,SILVER_CHRISTMAS_TREE_BAUBLE_STAND_,85169C,EAU_DE_NIL_LOVE_BIRD_CANDLE,0.8570664474189467
84507B,STRIPES_DESIGN_MONKEY_DOLL,84507C,BLUE_CIRCLES_DESIGN_MONKEY_DOLL,0.9001229471856371
84507B,STRIPES_DESIGN_MONKEY_DOLL,84508B,STRIPES_DESIGN_TEDDY,0.8491359107160523
84507B,STRIPES_DESIGN_MONKEY_DOLL,84508C,BLUE_CIRCLES_DESIGN_TEDDY,0.8476435683086327
84507C,BLUE_CIRCLES_DESIGN_MONKEY_DOLL,84508B,STRIPES_DESIGN_TEDDY,0.8762674059165323
84508B,STRIPES_DESIGN_TEDDY,84508C,BLUE_CIRCLES_DESIGN_TEDDY,0.8605528960334473
84531A,PINK_KNITTED_EGG_COSY,84531B,BLUE_KNITTED_EGG_COSY,0.879436683438293
84559B,3D_SHEET_OF_CAT_STICKERS,84827,ASS_DES_PHONE_SPONGE_CRAFT_STICKER,0.9252765346032532
84596B,SMALL_DOLLY_MIX_DESIGN_ORANGE_BOWL,84596F,SMALL_MARSHMALLOWS_PINK_BOWL,0.8625076833864054
84596F,SMALL_MARSHMALLOWS_PINK_BOWL,84596G,SMALL_CHOCOLATES_PINK_BOWL,0.8040260744912648
84596G,SMALL_CHOCOLATES_PINK_BOWL,84596L,BISCUITS_SMALL_BOWL_LIGHT_BLUE,0.8680365823827334
84597C,RETRO_PINK_BALL_ASHTRAY_,90147,CHUNKY_SILVER_NECKLACE_PASTEL_FLOWE,0.9333102837583263
84659A,WHITE_TRAVEL_ALARM_CLOCK,85114B,IVORY_ENCHANTED_FOREST_PLACEMAT,0.8547577540654655
84665,SQUARE_CHERRY_BLOSSOM_CABINET,84968D,SET_OF_16_VINTAGE_RED_CUTLERY,0.8985048278705278
84997A,GREEN_3_PIECE_POLKADOT_CUTLERY_SET,84997B,RED_3_PIECE_RETROSPOT_CUTLERY_SET,0.8835554540612679
84997A,GREEN_3_PIECE_POLKADOT_CUTLERY_SET,84997C,BLUE_3_PIECE_POLKADOT_CUTLERY_SET,0.8739083501718339
84997A,GREEN_3_PIECE_POLKADOT_CUTLERY_SET,84997D,PINK_3_PIECE_POLKADOT_CUTLERY_SET,0.8177854399735903
84997B,RED_3_PIECE_RETROSPOT_CUTLERY_SET,84997C,BLUE_3_PIECE_POLKADOT_CUTLERY_SET,0.8435603987260613
84997C,BLUE_3_PIECE_POLKADOT_CUTLERY_SET,84997D,PINK_3_PIECE_POLKADOT_CUTLERY_SET,0.8479498185787657
85107,CUT_GLASS_T-LIGHT_HOLDER_OCTAGON,85230G,ORANGE_VOTIVE_CANDLE,0.8005864873477102
85107,CUT_GLASS_T-LIGHT_HOLDER_OCTAGON,90114,SUMMER_DAISIES_BAG_CHARM,0.9630907773323304
85169B,BLACK_LOVE_BIRD_CANDLE,85170B,SET/6_BLACK_BIRD_T-LIGHT_CANDLES,0.8116188885157717
85230G,ORANGE_VOTIVE_CANDLE,90114,SUMMER_DAISIES_BAG_CHARM,0.8321433313583269
90160C,TURQ+RED_BOUDICCA_LARGE_BRACELET,90161C,ANT_COPPER_LIME_BOUDICCA_BRACELET,0.8520163931928768
90160C,TURQ+RED_BOUDICCA_LARGE_BRACELET,90200A,PURPLE_SWEETHEART_BRACELET,0.8173191447995354
90161C,ANT_COPPER_LIME_BOUDICCA_BRACELET,90200A,PURPLE_SWEETHEART_BRACELET,0.9067342287768518
90200A,PURPLE_SWEETHEART_BRACELET,90200D,PINK_SWEETHEART_BRACELET,0.819337119135004
90200B,BLACK_SWEETHEART_BRACELET,90200D,PINK_SWEETHEART_BRACELET,0.9609480827115356
90200B,BLACK_SWEETHEART_BRACELET,90200E,GREEN_SWEETHEART_BRACELET,0.977828888684371
90200D,PINK_SWEETHEART_BRACELET,90200E,GREEN_SWEETHEART_BRACELET,0.9577419254043804
