source,target
Items/22771,Items/21754
Items/22771,Items/48185
Items/22771,Items/23103
Items/22771,Items/21175
Items/22771,Items/22551
Items/22771,Items/84879
Items/22771,Items/21671
Items/22771,Items/22367
Items/22771,Items/23355
Items/22771,Items/22427
Items/22771,Items/22457
Items/22771,Items/22045
Items/22771,Items/85049E
Items/22771,Items/22730
Items/22771,Items/23351
Items/22771,Items/23245
Items/22771,Items/22554
Items/22771,Items/22961
Items/22771,Items/22844
Items/22771,Items/22749
Items/22771,Items/22970
Items/22771,Items/23207
Items/22771,Items/22952
Items/22771,Items/23202
Items/22771,Items/22158
Items/22771,Items/22077
Items/22771,Items/22193
Items/22771,Items/20749
Items/22771,Items/23298
Items/22771,Items/21165
Items/22771,Items/22649
Items/22771,Items/20676
Items/22771,Items/22766
Items/22771,Items/23313
Items/22771,Items/23322
Items/22771,Items/21843
Items/22771,Items/48111
Items/22771,Items/17003
Items/22771,Items/21731
Items/22771,Items/22297
Items/22771,Items/23078
Items/22771,Items/85175
Items/22771,Items/21524
Items/22771,Items/22386
Items/22771,Items/23077
Items/22771,Items/22151
Items/22771,Items/22197
Items/22771,Items/22192
Items/22771,Items/22138
Items/22771,Items/22139
Items/22771,Items/22910
Items/22771,Items/23068
Items/22771,Items/22113
Items/22771,Items/23208
Items/22771,Items/82486
Items/22771,Items/22866
Items/22771,Items/48173C
Items/22771,Items/23328
Items/22771,Items/23407
Items/22771,Items/22570
Items/22771,Items/22333
Items/22771,Items/22418
Items/22771,Items/23126
Items/22771,Items/22569
Items/22771,Items/20728
Items/22771,Items/82600
Items/22771,Items/22558
Items/22771,Items/22501
Items/22771,Items/22720
Items/22771,Items/23344
Items/22771,Items/22621
Items/22771,Items/84375
Items/21165,Items/21754
Items/21165,Items/48185
Items/21165,Items/23103
Items/21165,Items/21175
Items/21165,Items/22551
Items/21165,Items/84879
Items/21165,Items/23355
Items/21165,Items/22367
Items/21165,Items/21671
Items/21165,Items/22427
Items/21165,Items/22457
Items/21165,Items/22045
Items/21165,Items/85049E
Items/21165,Items/22730
Items/21165,Items/23351
Items/21165,Items/22554
Items/21165,Items/23245
Items/21165,Items/22961
Items/21165,Items/22844
Items/21165,Items/22623
Items/21165,Items/22749
Items/21165,Items/22970
Items/21165,Items/23207
Items/21165,Items/22952
Items/21165,Items/23202
Items/21165,Items/22158
Items/21165,Items/22077
Items/21165,Items/15036
Items/21165,Items/20749
Items/21165,Items/23298
Items/21165,Items/22193
Items/21165,Items/20676
Items/21165,Items/22649
Items/21165,Items/22766
Items/21165,Items/23313
Items/21165,Items/23322
Items/21165,Items/21843
Items/21165,Items/48111
Items/21165,Items/17003
Items/21165,Items/21731
Items/21165,Items/22297
Items/21165,Items/23078
Items/21165,Items/85175
Items/21165,Items/22386
Items/21165,Items/23077
Items/21165,Items/21524
Items/21165,Items/22151
Items/21165,Items/22197
Items/21165,Items/22192
Items/21165,Items/22113
Items/21165,Items/22910
Items/21165,Items/23068
Items/21165,Items/22138
Items/21165,Items/23208
Items/21165,Items/22139
Items/21165,Items/82486
Items/21165,Items/22866
Items/21165,Items/48173C
Items/21165,Items/23328
Items/21165,Items/22333
Items/21165,Items/22570
Items/21165,Items/23407
Items/21165,Items/22418
Items/21165,Items/22569
Items/21165,Items/23126
Items/21165,Items/20728
Items/21165,Items/82600
Items/21165,Items/22558
Items/21165,Items/22501
Items/21165,Items/22720
Items/21165,Items/23344
Items/21165,Items/22621
Items/21165,Items/84375
Items/21754,Items/48185
Items/21754,Items/23103
Items/21754,Items/21175
Items/21754,Items/22551
Items/21754,Items/84879
Items/21754,Items/23355
Items/21754,Items/22367
Items/21754,Items/21671
Items/21754,Items/22427
Items/21754,Items/22457
Items/21754,Items/22045
Items/21754,Items/85049E
Items/21754,Items/22730
Items/21754,Items/23351
Items/21754,Items/23245
Items/21754,Items/22554
Items/21754,Items/22961
Items/21754,Items/22844
Items/21754,Items/22623
Items/21754,Items/22749
Items/21754,Items/22970
Items/21754,Items/23207
Items/21754,Items/22952
Items/21754,Items/20749
Items/21754,Items/22158
Items/21754,Items/22077
Items/21754,Items/23202
Items/21754,Items/22193
Items/21754,Items/23298
Items/21754,Items/15036
Items/21754,Items/20676
Items/21754,Items/22649
Items/21754,Items/22766
Items/21754,Items/23313
Items/21754,Items/23322
Items/21754,Items/21731
Items/21754,Items/21843
Items/21754,Items/17003
Items/21754,Items/48111
Items/21754,Items/22297
Items/21754,Items/23078
Items/21754,Items/85175
Items/21754,Items/21524
Items/21754,Items/23077
Items/21754,Items/22386
Items/21754,Items/22151
Items/21754,Items/22197
Items/21754,Items/22192
Items/21754,Items/22113
Items/21754,Items/22138
Items/21754,Items/22139
Items/21754,Items/23208
Items/21754,Items/23068
Items/21754,Items/82486
Items/21754,Items/22866
Items/21754,Items/48173C
Items/21754,Items/22910
Items/21754,Items/23328
Items/21754,Items/23407
Items/21754,Items/22570
Items/21754,Items/22333
Items/21754,Items/22418
Items/21754,Items/22569
Items/21754,Items/23126
Items/21754,Items/20728
Items/21754,Items/82600
Items/21754,Items/22558
Items/21754,Items/22501
Items/21754,Items/22720
Items/21754,Items/23344
Items/21754,Items/22621
Items/21754,Items/84375
Items/23068,Items/23103
Items/23068,Items/48185
Items/23068,Items/21175
Items/23068,Items/21671
Items/23068,Items/84879
Items/23068,Items/23355
Items/23068,Items/22367
Items/23068,Items/22551
Items/23068,Items/22427
Items/23068,Items/22457
Items/23068,Items/22045
Items/23068,Items/85049E
Items/23068,Items/22730
Items/23068,Items/23351
Items/23068,Items/23245
Items/23068,Items/22554
Items/23068,Items/22961
Items/23068,Items/22844
Items/23068,Items/22749
Items/23068,Items/22970
Items/23068,Items/23207
Items/23068,Items/22193
Items/23068,Items/23202
Items/23068,Items/22158
Items/23068,Items/22077
Items/23068,Items/22952
Items/23068,Items/15036
Items/23068,Items/23298
Items/23068,Items/20749
Items/23068,Items/20676
Items/23068,Items/22649
Items/23068,Items/22766
Items/23068,Items/23313
Items/23068,Items/21843
Items/23068,Items/23322
Items/23068,Items/21731
Items/23068,Items/17003
Items/23068,Items/48111
Items/23068,Items/22297
Items/23068,Items/23078
Items/23068,Items/85175
Items/23068,Items/21524
Items/23068,Items/22386
Items/23068,Items/23077
Items/23068,Items/22151
Items/23068,Items/22197
Items/23068,Items/22192
Items/23068,Items/22113
Items/23068,Items/22910
Items/23068,Items/22138
Items/23068,Items/23208
Items/23068,Items/22139
Items/23068,Items/82486
Items/23068,Items/22866
Items/23068,Items/23328
Items/23068,Items/48173C
Items/23068,Items/22333
Items/23068,Items/22570
Items/23068,Items/23407
Items/23068,Items/22418
Items/23068,Items/22569
Items/23068,Items/23126
Items/23068,Items/20728
Items/23068,Items/82600
Items/23068,Items/22558
Items/23068,Items/22501
Items/23068,Items/22720
Items/23068,Items/23344
Items/23068,Items/22621
Items/23068,Items/84375
Items/22427,Items/23103
Items/22427,Items/48185
Items/22427,Items/21175
Items/22427,Items/22551
Items/22427,Items/84879
Items/22427,Items/23355
Items/22427,Items/22367
Items/22427,Items/22457
Items/22427,Items/22045
Items/22427,Items/85049E
Items/22427,Items/22730
Items/22427,Items/23351
Items/22427,Items/23245
Items/22427,Items/22554
Items/22427,Items/22961
Items/22427,Items/22844
Items/22427,Items/22623
Items/22427,Items/22749
Items/22427,Items/22970
Items/22427,Items/23207
Items/22427,Items/22952
Items/22427,Items/15036
Items/22427,Items/23202
Items/22427,Items/22077
Items/22427,Items/22193
Items/22427,Items/22158
Items/22427,Items/23298
Items/22427,Items/20749
Items/22427,Items/20676
Items/22427,Items/22649
Items/22427,Items/22766
Items/22427,Items/84375
Items/22427,Items/23313
Items/22427,Items/23322
Items/22427,Items/48111
Items/22427,Items/21843
Items/22427,Items/17003
Items/22427,Items/21731
Items/22427,Items/22297
Items/22427,Items/23078
Items/22427,Items/85175
Items/22427,Items/21524
Items/22427,Items/22386
Items/22427,Items/23077
Items/22427,Items/22151
Items/22427,Items/22197
Items/22427,Items/22192
Items/22427,Items/22113
Items/22427,Items/22910
Items/22427,Items/22138
Items/22427,Items/22139
Items/22427,Items/82486
Items/22427,Items/23328
Items/22427,Items/22866
Items/22427,Items/23208
Items/22427,Items/48173C
Items/22427,Items/22333
Items/22427,Items/23407
Items/22427,Items/22570
Items/22427,Items/22418
Items/22427,Items/23126
Items/22427,Items/22569
Items/22427,Items/20728
Items/22427,Items/82600
Items/22427,Items/22558
Items/22427,Items/22501
Items/22427,Items/22720
Items/22427,Items/23344
Items/22427,Items/22621
Items/22427,Items/21671
Items/22720,Items/23103
Items/22720,Items/48185
Items/22720,Items/21175
Items/22720,Items/21671
Items/22720,Items/84879
Items/22720,Items/23355
Items/22720,Items/22367
Items/22720,Items/22551
Items/22720,Items/22457
Items/22720,Items/22045
Items/22720,Items/85049E
Items/22720,Items/22730
Items/22720,Items/23351
Items/22720,Items/22554
Items/22720,Items/23245
Items/22720,Items/22961
Items/22720,Items/22844
Items/22720,Items/22623
Items/22720,Items/22749
Items/22720,Items/22970
Items/22720,Items/23207
Items/22720,Items/22952
Items/22720,Items/22193
Items/22720,Items/23202
Items/22720,Items/22077
Items/22720,Items/22158
Items/22720,Items/15036
Items/22720,Items/23298
Items/22720,Items/20749
Items/22720,Items/20676
Items/22720,Items/22649
Items/22720,Items/22766
Items/22720,Items/23313
Items/22720,Items/23322
Items/22720,Items/21843
Items/22720,Items/21731
Items/22720,Items/17003
Items/22720,Items/48111
Items/22720,Items/22297
Items/22720,Items/23078
Items/22720,Items/85175
Items/22720,Items/21524
Items/22720,Items/23077
Items/22720,Items/22386
Items/22720,Items/22151
Items/22720,Items/22197
Items/22720,Items/22192
Items/22720,Items/22113
Items/22720,Items/22910
Items/22720,Items/22138
Items/22720,Items/23208
Items/22720,Items/82486
Items/22720,Items/22866
Items/22720,Items/23328
Items/22720,Items/22139
Items/22720,Items/48173C
Items/22720,Items/23407
Items/22720,Items/22570
Items/22720,Items/22333
Items/22720,Items/22418
Items/22720,Items/23126
Items/22720,Items/22569
Items/22720,Items/20728
Items/22720,Items/82600
Items/22720,Items/22558
Items/22720,Items/22501
Items/22720,Items/23344
Items/22720,Items/22621
Items/22720,Items/84375
Items/23407,Items/23103
Items/23407,Items/48185
Items/23407,Items/21175
Items/23407,Items/22551
Items/23407,Items/84879
Items/23407,Items/23355
Items/23407,Items/22367
Items/23407,Items/22457
Items/23407,Items/85049E
Items/23407,Items/22730
Items/23407,Items/23351
Items/23407,Items/23245
Items/23407,Items/22554
Items/23407,Items/22961
Items/23407,Items/22844
Items/23407,Items/22623
Items/23407,Items/22749
Items/23407,Items/23207
Items/23407,Items/22952
Items/23407,Items/23202
Items/23407,Items/22158
Items/23407,Items/22077
Items/23407,Items/20749
Items/23407,Items/22193
Items/23407,Items/23298
Items/23407,Items/20676
Items/23407,Items/22766
Items/23407,Items/84375
Items/23407,Items/23313
Items/23407,Items/23322
Items/23407,Items/48111
Items/23407,Items/21843
Items/23407,Items/17003
Items/23407,Items/22297
Items/23407,Items/23078
Items/23407,Items/21524
Items/23407,Items/22386
Items/23407,Items/23077
Items/23407,Items/22151
Items/23407,Items/22197
Items/23407,Items/22192
Items/23407,Items/22138
Items/23407,Items/22910
Items/23407,Items/22139
Items/23407,Items/23208
Items/23407,Items/22113
Items/23407,Items/82486
Items/23407,Items/23328
Items/23407,Items/22866
Items/23407,Items/48173C
Items/23407,Items/22570
Items/23407,Items/22418
Items/23407,Items/23126
Items/23407,Items/22569
Items/23407,Items/20728
Items/23407,Items/82600
Items/23407,Items/22558
Items/23407,Items/22501
Items/23407,Items/23344
Items/23407,Items/22621
Items/23407,Items/21671
Items/22570,Items/23103
Items/22570,Items/48185
Items/22570,Items/21175
Items/22570,Items/22551
Items/22570,Items/84879
Items/22570,Items/23355
Items/22570,Items/22367
Items/22570,Items/21671
Items/22570,Items/22457
Items/22570,Items/22045
Items/22570,Items/85049E
Items/22570,Items/22730
Items/22570,Items/23351
Items/22570,Items/22554
Items/22570,Items/23245
Items/22570,Items/22961
Items/22570,Items/22844
Items/22570,Items/22623
Items/22570,Items/22749
Items/22570,Items/22970
Items/22570,Items/23207
Items/22570,Items/22952
Items/22570,Items/23202
Items/22570,Items/20749
Items/22570,Items/15036
Items/22570,Items/22077
Items/22570,Items/22158
Items/22570,Items/23298
Items/22570,Items/22193
Items/22570,Items/20676
Items/22570,Items/22649
Items/22570,Items/22766
Items/22570,Items/23313
Items/22570,Items/21731
Items/22570,Items/21843
Items/22570,Items/23322
Items/22570,Items/17003
Items/22570,Items/85175
Items/22570,Items/22297
Items/22570,Items/23078
Items/22570,Items/48111
Items/22570,Items/22386
Items/22570,Items/23077
Items/22570,Items/21524
Items/22570,Items/22151
Items/22570,Items/22197
Items/22570,Items/22192
Items/22570,Items/22138
Items/22570,Items/22910
Items/22570,Items/22139
Items/22570,Items/22113
Items/22570,Items/23208
Items/22570,Items/82486
Items/22570,Items/22866
Items/22570,Items/23328
Items/22570,Items/48173C
Items/22570,Items/22333
Items/22570,Items/22418
Items/22570,Items/22569
Items/22570,Items/23126
Items/22570,Items/20728
Items/22570,Items/82600
Items/22570,Items/22558
Items/22570,Items/22501
Items/22570,Items/23344
Items/22570,Items/22621
Items/22570,Items/84375
Items/22139,Items/23103
Items/22139,Items/48185
Items/22139,Items/21175
Items/22139,Items/22551
Items/22139,Items/21671
Items/22139,Items/84879
Items/22139,Items/22367
Items/22139,Items/23355
Items/22139,Items/22457
Items/22139,Items/22045
Items/22139,Items/85049E
Items/22139,Items/22730
Items/22139,Items/23351
Items/22139,Items/22554
Items/22139,Items/23245
Items/22139,Items/22961
Items/22139,Items/22844
Items/22139,Items/22623
Items/22139,Items/22749
Items/22139,Items/22970
Items/22139,Items/23207
Items/22139,Items/22952
Items/22139,Items/23202
Items/22139,Items/20749
Items/22139,Items/15036
Items/22139,Items/22077
Items/22139,Items/22158
Items/22139,Items/23298
Items/22139,Items/22193
Items/22139,Items/20676
Items/22139,Items/22649
Items/22139,Items/22766
Items/22139,Items/23313
Items/22139,Items/21731
Items/22139,Items/23322
Items/22139,Items/21843
Items/22139,Items/17003
Items/22139,Items/85175
Items/22139,Items/22297
Items/22139,Items/23078
Items/22139,Items/48111
Items/22139,Items/22386
Items/22139,Items/23077
Items/22139,Items/21524
Items/22139,Items/22151
Items/22139,Items/22197
Items/22139,Items/22192
Items/22139,Items/22138
Items/22139,Items/22910
Items/22139,Items/22113
Items/22139,Items/23208
Items/22139,Items/82486
Items/22139,Items/23328
Items/22139,Items/48173C
Items/22139,Items/22866
Items/22139,Items/22333
Items/22139,Items/22418
Items/22139,Items/22569
Items/22139,Items/23126
Items/22139,Items/20728
Items/22139,Items/82600
Items/22139,Items/22558
Items/22139,Items/22501
Items/22139,Items/23344
Items/22139,Items/22621
Items/22139,Items/84375
Items/22844,Items/23103
Items/22844,Items/48185
Items/22844,Items/21175
Items/22844,Items/22551
Items/22844,Items/84879
Items/22844,Items/23355
Items/22844,Items/22367
Items/22844,Items/21671
Items/22844,Items/22457
Items/22844,Items/85049E
Items/22844,Items/22730
Items/22844,Items/23351
Items/22844,Items/23245
Items/22844,Items/22554
Items/22844,Items/22961
Items/22844,Items/22623
Items/22844,Items/22749
Items/22844,Items/22970
Items/22844,Items/23207
Items/22844,Items/22952
Items/22844,Items/23202
Items/22844,Items/22158
Items/22844,Items/22077
Items/22844,Items/22193
Items/22844,Items/20749
Items/22844,Items/23298
Items/22844,Items/20676
Items/22844,Items/22649
Items/22844,Items/22766
Items/22844,Items/23313
Items/22844,Items/23322
Items/22844,Items/48111
Items/22844,Items/21843
Items/22844,Items/17003
Items/22844,Items/21731
Items/22844,Items/22297
Items/22844,Items/23078
Items/22844,Items/21524
Items/22844,Items/23077
Items/22844,Items/22386
Items/22844,Items/22151
Items/22844,Items/22192
Items/22844,Items/22197
Items/22844,Items/22113
Items/22844,Items/22910
Items/22844,Items/22138
Items/22844,Items/82486
Items/22844,Items/22866
Items/22844,Items/48173C
Items/22844,Items/23208
Items/22844,Items/23328
Items/22844,Items/22333
Items/22844,Items/22418
Items/22844,Items/23126
Items/22844,Items/22569
Items/22844,Items/20728
Items/22844,Items/82600
Items/22844,Items/22558
Items/22844,Items/22501
Items/22844,Items/23344
Items/22844,Items/22621
Items/22844,Items/84375
Items/48111,Items/23103
Items/48111,Items/48185
Items/48111,Items/21175
Items/48111,Items/22551
Items/48111,Items/84879
Items/48111,Items/23355
Items/48111,Items/22367
Items/48111,Items/22457
Items/48111,Items/22045
Items/48111,Items/85049E
Items/48111,Items/22730
Items/48111,Items/23351
Items/48111,Items/22554
Items/48111,Items/23245
Items/48111,Items/22961
Items/48111,Items/22623
Items/48111,Items/22749
Items/48111,Items/22970
Items/48111,Items/23207
Items/48111,Items/22193
Items/48111,Items/23202
Items/48111,Items/22158
Items/48111,Items/22952
Items/48111,Items/22077
Items/48111,Items/15036
Items/48111,Items/23298
Items/48111,Items/20749
Items/48111,Items/20676
Items/48111,Items/22649
Items/48111,Items/22766
Items/48111,Items/84375
Items/48111,Items/23313
Items/48111,Items/23322
Items/48111,Items/21731
Items/48111,Items/21843
Items/48111,Items/17003
Items/48111,Items/85175
Items/48111,Items/22297
Items/48111,Items/23078
Items/48111,Items/21524
Items/48111,Items/22386
Items/48111,Items/23077
Items/48111,Items/22151
Items/48111,Items/22192
Items/48111,Items/22197
Items/48111,Items/22113
Items/48111,Items/22910
Items/48111,Items/23208
Items/48111,Items/22138
Items/48111,Items/82486
Items/48111,Items/22866
Items/48111,Items/48173C
Items/48111,Items/23328
Items/48111,Items/22333
Items/48111,Items/22418
Items/48111,Items/23126
Items/48111,Items/22569
Items/48111,Items/20728
Items/48111,Items/82600
Items/48111,Items/22558
Items/48111,Items/22501
Items/48111,Items/23344
Items/48111,Items/22621
Items/48111,Items/21671
Items/82486,Items/23103
Items/82486,Items/48185
Items/82486,Items/21175
Items/82486,Items/22551
Items/82486,Items/84879
Items/82486,Items/23355
Items/82486,Items/22367
Items/82486,Items/21671
Items/82486,Items/22457
Items/82486,Items/22045
Items/82486,Items/85049E
Items/82486,Items/22730
Items/82486,Items/23351
Items/82486,Items/22554
Items/82486,Items/23245
Items/82486,Items/22961
Items/82486,Items/22623
Items/82486,Items/22749
Items/82486,Items/22970
Items/82486,Items/23207
Items/82486,Items/22193
Items/82486,Items/20749
Items/82486,Items/22158
Items/82486,Items/22077
Items/82486,Items/23202
Items/82486,Items/22952
Items/82486,Items/23298
Items/82486,Items/15036
Items/82486,Items/20676
Items/82486,Items/22649
Items/82486,Items/22766
Items/82486,Items/23313
Items/82486,Items/23322
Items/82486,Items/21731
Items/82486,Items/21843
Items/82486,Items/17003
Items/82486,Items/22297
Items/82486,Items/23078
Items/82486,Items/85175
Items/82486,Items/21524
Items/82486,Items/23077
Items/82486,Items/22386
Items/82486,Items/22151
Items/82486,Items/22197
Items/82486,Items/22192
Items/82486,Items/22113
Items/82486,Items/22138
Items/82486,Items/22910
Items/82486,Items/23208
Items/82486,Items/22866
Items/82486,Items/48173C
Items/82486,Items/23328
Items/82486,Items/22333
Items/82486,Items/22418
Items/82486,Items/22569
Items/82486,Items/23126
Items/82486,Items/20728
Items/82486,Items/82600
Items/82486,Items/22558
Items/82486,Items/22501
Items/82486,Items/23344
Items/82486,Items/22621
Items/82486,Items/84375
Items/23355,Items/23103
Items/23355,Items/48185
Items/23355,Items/21175
Items/23355,Items/21671
Items/23355,Items/84879
Items/23355,Items/22551
Items/23355,Items/22367
Items/23355,Items/22457
Items/23355,Items/22045
Items/23355,Items/85049E
Items/23355,Items/22730
Items/23355,Items/23351
Items/23355,Items/23245
Items/23355,Items/22554
Items/23355,Items/22961
Items/23355,Items/22623
Items/23355,Items/22749
Items/23355,Items/22970
Items/23355,Items/23207
Items/23355,Items/22193
Items/23355,Items/23202
Items/23355,Items/22158
Items/23355,Items/22077
Items/23355,Items/22952
Items/23355,Items/20749
Items/23355,Items/23298
Items/23355,Items/15036
Items/23355,Items/20676
Items/23355,Items/22649
Items/23355,Items/22766
Items/23355,Items/23313
Items/23355,Items/21843
Items/23355,Items/23322
Items/23355,Items/21731
Items/23355,Items/17003
Items/23355,Items/85175
Items/23355,Items/22297
Items/23355,Items/23078
Items/23355,Items/22386
Items/23355,Items/21524
Items/23355,Items/23077
Items/23355,Items/22151
Items/23355,Items/22192
Items/23355,Items/22197
Items/23355,Items/22113
Items/23355,Items/22910
Items/23355,Items/22138
Items/23355,Items/23208
Items/23355,Items/22866
Items/23355,Items/48173C
Items/23355,Items/23328
Items/23355,Items/22333
Items/23355,Items/22418
Items/23355,Items/22569
Items/23355,Items/23126
Items/23355,Items/20728
Items/23355,Items/82600
Items/23355,Items/22558
Items/23355,Items/22501
Items/23355,Items/23344
Items/23355,Items/22621
Items/23355,Items/84375
Items/22649,Items/48185
Items/22649,Items/23103
Items/22649,Items/21175
Items/22649,Items/21671
Items/22649,Items/22551
Items/22649,Items/22367
Items/22649,Items/84879
Items/22649,Items/22457
Items/22649,Items/22045
Items/22649,Items/85049E
Items/22649,Items/22730
Items/22649,Items/23351
Items/22649,Items/23245
Items/22649,Items/22554
Items/22649,Items/22961
Items/22649,Items/22749
Items/22649,Items/22970
Items/22649,Items/23207
Items/22649,Items/22193
Items/22649,Items/22952
Items/22649,Items/22158
Items/22649,Items/23202
Items/22649,Items/20749
Items/22649,Items/15036
Items/22649,Items/23298
Items/22649,Items/22077
Items/22649,Items/20676
Items/22649,Items/22766
Items/22649,Items/23313
Items/22649,Items/21843
Items/22649,Items/23322
Items/22649,Items/17003
Items/22649,Items/85175
Items/22649,Items/22297
Items/22649,Items/23078
Items/22649,Items/22386
Items/22649,Items/23077
Items/22649,Items/21524
Items/22649,Items/22151
Items/22649,Items/22197
Items/22649,Items/22192
Items/22649,Items/22113
Items/22649,Items/22910
Items/22649,Items/23208
Items/22649,Items/22138
Items/22649,Items/48173C
Items/22649,Items/22333
Items/22649,Items/22418
Items/22649,Items/22569
Items/22649,Items/20728
Items/22649,Items/82600
Items/22649,Items/22558
Items/22649,Items/22501
Items/22649,Items/23344
Items/22649,Items/22621
Items/22649,Items/84375
Items/22569,Items/23103
Items/22569,Items/48185
Items/22569,Items/21175
Items/22569,Items/22551
Items/22569,Items/84879
Items/22569,Items/22367
Items/22569,Items/21671
Items/22569,Items/22457
Items/22569,Items/22045
Items/22569,Items/85049E
Items/22569,Items/22730
Items/22569,Items/23351
Items/22569,Items/22554
Items/22569,Items/23245
Items/22569,Items/22961
Items/22569,Items/22623
Items/22569,Items/22749
Items/22569,Items/22970
Items/22569,Items/23207
Items/22569,Items/22952
Items/22569,Items/20749
Items/22569,Items/15036
Items/22569,Items/22077
Items/22569,Items/22158
Items/22569,Items/23202
Items/22569,Items/23298
Items/22569,Items/22193
Items/22569,Items/20676
Items/22569,Items/22766
Items/22569,Items/23313
Items/22569,Items/21731
Items/22569,Items/21843
Items/22569,Items/23322
Items/22569,Items/17003
Items/22569,Items/22297
Items/22569,Items/23078
Items/22569,Items/85175
Items/22569,Items/22386
Items/22569,Items/23077
Items/22569,Items/21524
Items/22569,Items/22151
Items/22569,Items/22197
Items/22569,Items/22192
Items/22569,Items/22138
Items/22569,Items/22910
Items/22569,Items/22113
Items/22569,Items/23208
Items/22569,Items/22866
Items/22569,Items/23328
Items/22569,Items/48173C
Items/22569,Items/22333
Items/22569,Items/22418
Items/22569,Items/23126
Items/22569,Items/20728
Items/22569,Items/82600
Items/22569,Items/22558
Items/22569,Items/22501
Items/22569,Items/23344
Items/22569,Items/22621
Items/22569,Items/84375
Items/23351,Items/23103
Items/23351,Items/48185
Items/23351,Items/21175
Items/23351,Items/22551
Items/23351,Items/84879
Items/23351,Items/21671
Items/23351,Items/22367
Items/23351,Items/22457
Items/23351,Items/22045
Items/23351,Items/85049E
Items/23351,Items/22730
Items/23351,Items/22554
Items/23351,Items/23245
Items/23351,Items/22961
Items/23351,Items/22623
Items/23351,Items/22749
Items/23351,Items/22970
Items/23351,Items/23207
Items/23351,Items/22952
Items/23351,Items/23202
Items/23351,Items/22158
Items/23351,Items/22077
Items/23351,Items/22193
Items/23351,Items/15036
Items/23351,Items/23298
Items/23351,Items/20749
Items/23351,Items/20676
Items/23351,Items/22766
Items/23351,Items/23313
Items/23351,Items/21843
Items/23351,Items/23322
Items/23351,Items/21731
Items/23351,Items/17003
Items/23351,Items/22297
Items/23351,Items/23078
Items/23351,Items/22386
Items/23351,Items/21524
Items/23351,Items/23077
Items/23351,Items/22151
Items/23351,Items/22197
Items/23351,Items/22192
Items/23351,Items/22138
Items/23351,Items/22910
Items/23351,Items/23208
Items/23351,Items/22113
Items/23351,Items/22866
Items/23351,Items/23328
Items/23351,Items/48173C
Items/23351,Items/22333
Items/23351,Items/22418
Items/23351,Items/23126
Items/23351,Items/20728
Items/23351,Items/82600
Items/23351,Items/22558
Items/23351,Items/22501
Items/23351,Items/23344
Items/23351,Items/22621
Items/23351,Items/84375
Items/22367,Items/23103
Items/22367,Items/48185
Items/22367,Items/21175
Items/22367,Items/22551
Items/22367,Items/84879
Items/22367,Items/21671
Items/22367,Items/22457
Items/22367,Items/22045
Items/22367,Items/85049E
Items/22367,Items/22730
Items/22367,Items/22554
Items/22367,Items/23245
Items/22367,Items/22961
Items/22367,Items/22623
Items/22367,Items/22749
Items/22367,Items/22970
Items/22367,Items/23207
Items/22367,Items/22952
Items/22367,Items/20749
Items/22367,Items/15036
Items/22367,Items/22077
Items/22367,Items/22158
Items/22367,Items/23202
Items/22367,Items/23298
Items/22367,Items/22193
Items/22367,Items/20676
Items/22367,Items/22766
Items/22367,Items/23313
Items/22367,Items/21731
Items/22367,Items/23322
Items/22367,Items/17003
Items/22367,Items/85175
Items/22367,Items/22297
Items/22367,Items/23078
Items/22367,Items/21843
Items/22367,Items/22386
Items/22367,Items/23077
Items/22367,Items/21524
Items/22367,Items/22151
Items/22367,Items/22197
Items/22367,Items/22192
Items/22367,Items/22138
Items/22367,Items/22910
Items/22367,Items/22113
Items/22367,Items/23208
Items/22367,Items/22866
Items/22367,Items/23328
Items/22367,Items/48173C
Items/22367,Items/22333
Items/22367,Items/22418
Items/22367,Items/23126
Items/22367,Items/20728
Items/22367,Items/82600
Items/22367,Items/22558
Items/22367,Items/22501
Items/22367,Items/23344
Items/22367,Items/22621
Items/22367,Items/84375
Items/23245,Items/48185
Items/23245,Items/23103
Items/23245,Items/21175
Items/23245,Items/22551
Items/23245,Items/84879
Items/23245,Items/21671
Items/23245,Items/22457
Items/23245,Items/22045
Items/23245,Items/85049E
Items/23245,Items/22730
Items/23245,Items/22554
Items/23245,Items/22961
Items/23245,Items/22623
Items/23245,Items/22749
Items/23245,Items/22970
Items/23245,Items/23207
Items/23245,Items/22952
Items/23245,Items/23202
Items/23245,Items/22158
Items/23245,Items/22077
Items/23245,Items/15036
Items/23245,Items/22193
Items/23245,Items/23298
Items/23245,Items/20749
Items/23245,Items/20676
Items/23245,Items/22766
Items/23245,Items/23313
Items/23245,Items/23322
Items/23245,Items/21843
Items/23245,Items/17003
Items/23245,Items/85175
Items/23245,Items/22297
Items/23245,Items/23078
Items/23245,Items/21731
Items/23245,Items/21524
Items/23245,Items/22386
Items/23245,Items/23077
Items/23245,Items/22151
Items/23245,Items/22197
Items/23245,Items/22192
Items/23245,Items/22113
Items/23245,Items/22138
Items/23245,Items/23208
Items/23245,Items/22910
Items/23245,Items/22866
Items/23245,Items/48173C
Items/23245,Items/23328
Items/23245,Items/22333
Items/23245,Items/22418
Items/23245,Items/23126
Items/23245,Items/20728
Items/23245,Items/82600
Items/23245,Items/22558
Items/23245,Items/22501
Items/23245,Items/23344
Items/23245,Items/22621
Items/23245,Items/84375
Items/15036,Items/23103
Items/15036,Items/48185
Items/15036,Items/21175
Items/15036,Items/22551
Items/15036,Items/84879
Items/15036,Items/21671
Items/15036,Items/22457
Items/15036,Items/22045
Items/15036,Items/85049E
Items/15036,Items/22730
Items/15036,Items/22554
Items/15036,Items/22961
Items/15036,Items/22623
Items/15036,Items/22749
Items/15036,Items/22970
Items/15036,Items/23207
Items/15036,Items/22952
Items/15036,Items/20749
Items/15036,Items/22158
Items/15036,Items/22077
Items/15036,Items/23202
Items/15036,Items/22193
Items/15036,Items/23298
Items/15036,Items/20676
Items/15036,Items/22766
Items/15036,Items/23313
Items/15036,Items/21731
Items/15036,Items/23322
Items/15036,Items/21843
Items/15036,Items/17003
Items/15036,Items/85175
Items/15036,Items/22297
Items/15036,Items/23078
Items/15036,Items/22386
Items/15036,Items/23077
Items/15036,Items/21524
Items/15036,Items/22151
Items/15036,Items/22197
Items/15036,Items/22192
Items/15036,Items/22138
Items/15036,Items/22910
Items/15036,Items/22113
Items/15036,Items/23208
Items/15036,Items/22866
Items/15036,Items/48173C
Items/15036,Items/23328
Items/15036,Items/22333
Items/15036,Items/22418
Items/15036,Items/23126
Items/15036,Items/20728
Items/15036,Items/82600
Items/15036,Items/22558
Items/15036,Items/22501
Items/15036,Items/23344
Items/15036,Items/22621
Items/15036,Items/84375
Items/85175,Items/23103
Items/85175,Items/48185
Items/85175,Items/21175
Items/85175,Items/22551
Items/85175,Items/84879
Items/85175,Items/21671
Items/85175,Items/22457
Items/85175,Items/22045
Items/85175,Items/85049E
Items/85175,Items/22730
Items/85175,Items/22554
Items/85175,Items/22961
Items/85175,Items/22623
Items/85175,Items/22749
Items/85175,Items/22970
Items/85175,Items/23207
Items/85175,Items/22193
Items/85175,Items/23202
Items/85175,Items/22158
Items/85175,Items/22952
Items/85175,Items/22077
Items/85175,Items/23298
Items/85175,Items/20676
Items/85175,Items/22766
Items/85175,Items/23313
Items/85175,Items/23322
Items/85175,Items/21843
Items/85175,Items/17003
Items/85175,Items/22297
Items/85175,Items/23078
Items/85175,Items/22386
Items/85175,Items/23077
Items/85175,Items/21524
Items/85175,Items/22151
Items/85175,Items/22192
Items/85175,Items/22197
Items/85175,Items/22138
Items/85175,Items/22113
Items/85175,Items/23208
Items/85175,Items/22910
Items/85175,Items/22866
Items/85175,Items/22333
Items/85175,Items/23126
Items/85175,Items/20728
Items/85175,Items/82600
Items/85175,Items/22558
Items/85175,Items/22501
Items/85175,Items/23344
Items/85175,Items/22621
Items/85175,Items/84375
Items/20676,Items/23103
Items/20676,Items/48185
Items/20676,Items/21175
Items/20676,Items/22551
Items/20676,Items/21671
Items/20676,Items/84879
Items/20676,Items/22457
Items/20676,Items/22045
Items/20676,Items/85049E
Items/20676,Items/22730
Items/20676,Items/22554
Items/20676,Items/22961
Items/20676,Items/22623
Items/20676,Items/22749
Items/20676,Items/22970
Items/20676,Items/23207
Items/20676,Items/22952
Items/20676,Items/23202
Items/20676,Items/20749
Items/20676,Items/22077
Items/20676,Items/22158
Items/20676,Items/23298
Items/20676,Items/22193
Items/20676,Items/22766
Items/20676,Items/23313
Items/20676,Items/21731
Items/20676,Items/23322
Items/20676,Items/21843
Items/20676,Items/17003
Items/20676,Items/22297
Items/20676,Items/23078
Items/20676,Items/22386
Items/20676,Items/23077
Items/20676,Items/21524
Items/20676,Items/22151
Items/20676,Items/22197
Items/20676,Items/22192
Items/20676,Items/22138
Items/20676,Items/22910
Items/20676,Items/22113
Items/20676,Items/23208
Items/20676,Items/23328
Items/20676,Items/48173C
Items/20676,Items/22866
Items/20676,Items/22333
Items/20676,Items/22418
Items/20676,Items/23126
Items/20676,Items/20728
Items/20676,Items/82600
Items/20676,Items/22558
Items/20676,Items/22501
Items/20676,Items/23344
Items/20676,Items/22621
Items/20676,Items/84375
Items/22623,Items/23103
Items/22623,Items/21175
Items/22623,Items/22551
Items/22623,Items/84879
Items/22623,Items/21671
Items/22623,Items/22457
Items/22623,Items/22045
Items/22623,Items/85049E
Items/22623,Items/22730
Items/22623,Items/22554
Items/22623,Items/22961
Items/22623,Items/22749
Items/22623,Items/22970
Items/22623,Items/23207
Items/22623,Items/22952
Items/22623,Items/23202
Items/22623,Items/20749
Items/22623,Items/22077
Items/22623,Items/22158
Items/22623,Items/23298
Items/22623,Items/22193
Items/22623,Items/22766
Items/22623,Items/23313
Items/22623,Items/21731
Items/22623,Items/23322
Items/22623,Items/21843
Items/22623,Items/22297
Items/22623,Items/23078
Items/22623,Items/17003
Items/22623,Items/22386
Items/22623,Items/23077
Items/22623,Items/21524
Items/22623,Items/22151
Items/22623,Items/22197
Items/22623,Items/22138
Items/22623,Items/22910
Items/22623,Items/22113
Items/22623,Items/23208
Items/22623,Items/22866
Items/22623,Items/48173C
Items/22623,Items/23328
Items/22623,Items/22333
Items/22623,Items/22418
Items/22623,Items/23126
Items/22623,Items/20728
Items/22623,Items/82600
Items/22623,Items/22558
Items/22623,Items/22501
Items/22623,Items/23344
Items/22623,Items/22621
Items/22623,Items/84375
Items/23103,Items/48185
Items/23103,Items/21175
Items/23103,Items/22551
Items/23103,Items/84879
Items/23103,Items/22457
Items/23103,Items/85049E
Items/23103,Items/22730
Items/23103,Items/22554
Items/23103,Items/22961
Items/23103,Items/22749
Items/23103,Items/22970
Items/23103,Items/23207
Items/23103,Items/22952
Items/23103,Items/20749
Items/23103,Items/22077
Items/23103,Items/22158
Items/23103,Items/22193
Items/23103,Items/23298
Items/23103,Items/23202
Items/23103,Items/22766
Items/23103,Items/84375
Items/23103,Items/23313
Items/23103,Items/21731
Items/23103,Items/23322
Items/23103,Items/21843
Items/23103,Items/17003
Items/23103,Items/22297
Items/23103,Items/23078
Items/23103,Items/22386
Items/23103,Items/23077
Items/23103,Items/21524
Items/23103,Items/22151
Items/23103,Items/22197
Items/23103,Items/22192
Items/23103,Items/22138
Items/23103,Items/22910
Items/23103,Items/23208
Items/23103,Items/22113
Items/23103,Items/23328
Items/23103,Items/22866
Items/23103,Items/48173C
Items/23103,Items/22333
Items/23103,Items/22418
Items/23103,Items/23126
Items/23103,Items/20728
Items/23103,Items/82600
Items/23103,Items/22558
Items/23103,Items/22501
Items/23103,Items/23344
Items/23103,Items/22621
Items/23103,Items/21671
Items/22418,Items/21175
Items/22418,Items/22551
Items/22418,Items/84879
Items/22418,Items/22457
Items/22418,Items/22045
Items/22418,Items/85049E
Items/22418,Items/22730
Items/22418,Items/22554
Items/22418,Items/22961
Items/22418,Items/22749
Items/22418,Items/22970
Items/22418,Items/23207
Items/22418,Items/22952
Items/22418,Items/20749
Items/22418,Items/22077
Items/22418,Items/22193
Items/22418,Items/22158
Items/22418,Items/23298
Items/22418,Items/23202
Items/22418,Items/22766
Items/22418,Items/84375
Items/22418,Items/23313
Items/22418,Items/21731
Items/22418,Items/23322
Items/22418,Items/17003
Items/22418,Items/22297
Items/22418,Items/23078
Items/22418,Items/22386
Items/22418,Items/23077
Items/22418,Items/21524
Items/22418,Items/22151
Items/22418,Items/22197
Items/22418,Items/22138
Items/22418,Items/22910
Items/22418,Items/22113
Items/22418,Items/23208
Items/22418,Items/23328
Items/22418,Items/22866
Items/22418,Items/22333
Items/22418,Items/23126
Items/22418,Items/20728
Items/22418,Items/82600
Items/22418,Items/22558
Items/22418,Items/22501
Items/22418,Items/23344
Items/22418,Items/22621
Items/22418,Items/21671
Items/22749,Items/48185
Items/22749,Items/21175
Items/22749,Items/22551
Items/22749,Items/84879
Items/22749,Items/21671
Items/22749,Items/22457
Items/22749,Items/22045
Items/22749,Items/85049E
Items/22749,Items/22730
Items/22749,Items/22554
Items/22749,Items/22961
Items/22749,Items/22970
Items/22749,Items/23207
Items/22749,Items/22952
Items/22749,Items/20749
Items/22749,Items/22077
Items/22749,Items/22158
Items/22749,Items/23202
Items/22749,Items/23298
Items/22749,Items/22193
Items/22749,Items/22766
Items/22749,Items/23313
Items/22749,Items/21731
Items/22749,Items/23322
Items/22749,Items/21843
Items/22749,Items/17003
Items/22749,Items/22297
Items/22749,Items/23078
Items/22749,Items/22386
Items/22749,Items/23077
Items/22749,Items/21524
Items/22749,Items/22151
Items/22749,Items/22197
Items/22749,Items/22192
Items/22749,Items/22138
Items/22749,Items/22910
Items/22749,Items/23208
Items/22749,Items/22113
Items/22749,Items/22866
Items/22749,Items/48173C
Items/22749,Items/23328
Items/22749,Items/22333
Items/22749,Items/23126
Items/22749,Items/20728
Items/22749,Items/82600
Items/22749,Items/22558
Items/22749,Items/22501
Items/22749,Items/23344
Items/22749,Items/22621
Items/22749,Items/84375
Items/23298,Items/48185
Items/23298,Items/21175
Items/23298,Items/22551
Items/23298,Items/84879
Items/23298,Items/21671
Items/23298,Items/22457
Items/23298,Items/22045
Items/23298,Items/85049E
Items/23298,Items/22730
Items/23298,Items/22554
Items/23298,Items/22961
Items/23298,Items/22970
Items/23298,Items/23207
Items/23298,Items/22952
Items/23298,Items/23202
Items/23298,Items/22158
Items/23298,Items/22077
Items/23298,Items/22193
Items/23298,Items/20749
Items/23298,Items/22766
Items/23298,Items/23313
Items/23298,Items/23322
Items/23298,Items/21843
Items/23298,Items/21731
Items/23298,Items/17003
Items/23298,Items/22297
Items/23298,Items/23078
Items/23298,Items/22386
Items/23298,Items/23077
Items/23298,Items/21524
Items/23298,Items/22151
Items/23298,Items/22197
Items/23298,Items/22192
Items/23298,Items/22138
Items/23298,Items/22910
Items/23298,Items/23208
Items/23298,Items/22113
Items/23298,Items/22866
Items/23298,Items/48173C
Items/23298,Items/23328
Items/23298,Items/22333
Items/23298,Items/23126
Items/23298,Items/20728
Items/23298,Items/82600
Items/23298,Items/22558
Items/23298,Items/22501
Items/23298,Items/23344
Items/23298,Items/22621
Items/23298,Items/84375
Items/22952,Items/48185
Items/22952,Items/21175
Items/22952,Items/22551
Items/22952,Items/84879
Items/22952,Items/21671
Items/22952,Items/22457
Items/22952,Items/22045
Items/22952,Items/85049E
Items/22952,Items/22730
Items/22952,Items/22554
Items/22952,Items/22961
Items/22952,Items/22970
Items/22952,Items/23207
Items/22952,Items/22193
Items/22952,Items/23202
Items/22952,Items/20749
Items/22952,Items/22077
Items/22952,Items/22158
Items/22952,Items/22766
Items/22952,Items/23313
Items/22952,Items/21731
Items/22952,Items/23322
Items/22952,Items/17003
Items/22952,Items/22297
Items/22952,Items/23078
Items/22952,Items/21843
Items/22952,Items/22386
Items/22952,Items/23077
Items/22952,Items/21524
Items/22952,Items/22151
Items/22952,Items/22197
Items/22952,Items/22192
Items/22952,Items/22138
Items/22952,Items/22910
Items/22952,Items/23208
Items/22952,Items/22113
Items/22952,Items/23328
Items/22952,Items/22866
Items/22952,Items/48173C
Items/22952,Items/22333
Items/22952,Items/23126
Items/22952,Items/20728
Items/22952,Items/82600
Items/22952,Items/22558
Items/22952,Items/22501
Items/22952,Items/23344
Items/22952,Items/22621
Items/22952,Items/84375
Items/22730,Items/48185
Items/22730,Items/21175
Items/22730,Items/22551
Items/22730,Items/84879
Items/22730,Items/21671
Items/22730,Items/22457
Items/22730,Items/22045
Items/22730,Items/85049E
Items/22730,Items/22554
Items/22730,Items/22961
Items/22730,Items/22970
Items/22730,Items/23207
Items/22730,Items/23202
Items/22730,Items/22158
Items/22730,Items/22077
Items/22730,Items/20749
Items/22730,Items/22193
Items/22730,Items/22766
Items/22730,Items/23313
Items/22730,Items/21731
Items/22730,Items/23322
Items/22730,Items/21843
Items/22730,Items/17003
Items/22730,Items/22297
Items/22730,Items/23078
Items/22730,Items/22386
Items/22730,Items/23077
Items/22730,Items/21524
Items/22730,Items/22151
Items/22730,Items/22197
Items/22730,Items/22192
Items/22730,Items/22138
Items/22730,Items/22910
Items/22730,Items/22113
Items/22730,Items/23208
Items/22730,Items/22866
Items/22730,Items/23328
Items/22730,Items/48173C
Items/22730,Items/22333
Items/22730,Items/23126
Items/22730,Items/20728
Items/22730,Items/82600
Items/22730,Items/22558
Items/22730,Items/22501
Items/22730,Items/23344
Items/22730,Items/22621
Items/22730,Items/84375
Items/22501,Items/48185
Items/22501,Items/21175
Items/22501,Items/22551
Items/22501,Items/84879
Items/22501,Items/21671
Items/22501,Items/22457
Items/22501,Items/22045
Items/22501,Items/85049E
Items/22501,Items/22554
Items/22501,Items/22961
Items/22501,Items/22970
Items/22501,Items/23207
Items/22501,Items/23202
Items/22501,Items/22158
Items/22501,Items/22077
Items/22501,Items/20749
Items/22501,Items/22193
Items/22501,Items/22766
Items/22501,Items/23313
Items/22501,Items/21731
Items/22501,Items/23322
Items/22501,Items/21843
Items/22501,Items/17003
Items/22501,Items/22297
Items/22501,Items/23078
Items/22501,Items/21524
Items/22501,Items/22386
Items/22501,Items/23077
Items/22501,Items/22151
Items/22501,Items/22197
Items/22501,Items/22192
Items/22501,Items/22138
Items/22501,Items/22910
Items/22501,Items/23208
Items/22501,Items/22113
Items/22501,Items/22866
Items/22501,Items/48173C
Items/22501,Items/23328
Items/22501,Items/22333
Items/22501,Items/23126
Items/22501,Items/20728
Items/22501,Items/82600
Items/22501,Items/22558
Items/22501,Items/23344
Items/22501,Items/22621
Items/22501,Items/84375
Items/17003,Items/48185
Items/17003,Items/21175
Items/17003,Items/21671
Items/17003,Items/84879
Items/17003,Items/22551
Items/17003,Items/22457
Items/17003,Items/22045
Items/17003,Items/85049E
Items/17003,Items/22554
Items/17003,Items/22961
Items/17003,Items/22970
Items/17003,Items/23207
Items/17003,Items/22158
Items/17003,Items/22077
Items/17003,Items/23202
Items/17003,Items/22193
Items/17003,Items/20749
Items/17003,Items/22766
Items/17003,Items/23313
Items/17003,Items/21843
Items/17003,Items/23322
Items/17003,Items/21731
Items/17003,Items/22297
Items/17003,Items/23078
Items/17003,Items/22386
Items/17003,Items/23077
Items/17003,Items/21524
Items/17003,Items/22151
Items/17003,Items/22197
Items/17003,Items/22192
Items/17003,Items/22138
Items/17003,Items/22113
Items/17003,Items/23208
Items/17003,Items/22910
Items/17003,Items/22866
Items/17003,Items/48173C
Items/17003,Items/23328
Items/17003,Items/22333
Items/17003,Items/23126
Items/17003,Items/20728
Items/17003,Items/82600
Items/17003,Items/22558
Items/17003,Items/23344
Items/17003,Items/22621
Items/17003,Items/84375
Items/22158,Items/48185
Items/22158,Items/21175
Items/22158,Items/22551
Items/22158,Items/84879
Items/22158,Items/21671
Items/22158,Items/22457
Items/22158,Items/22045
Items/22158,Items/85049E
Items/22158,Items/22554
Items/22158,Items/22961
Items/22158,Items/22970
Items/22158,Items/23207
Items/22158,Items/23202
Items/22158,Items/20749
Items/22158,Items/22077
Items/22158,Items/22193
Items/22158,Items/22766
Items/22158,Items/23313
Items/22158,Items/21731
Items/22158,Items/23322
Items/22158,Items/22297
Items/22158,Items/23078
Items/22158,Items/21843
Items/22158,Items/21524
Items/22158,Items/23077
Items/22158,Items/22386
Items/22158,Items/22151
Items/22158,Items/22197
Items/22158,Items/22138
Items/22158,Items/22910
Items/22158,Items/23208
Items/22158,Items/22113
Items/22158,Items/22866
Items/22158,Items/48173C
Items/22158,Items/23328
Items/22158,Items/22333
Items/22158,Items/20728
Items/22158,Items/82600
Items/22158,Items/22558
Items/22158,Items/23344
Items/22158,Items/22621
Items/22158,Items/84375
Items/21731,Items/48185
Items/21731,Items/21175
Items/21731,Items/22551
Items/21731,Items/21671
Items/21731,Items/84879
Items/21731,Items/22457
Items/21731,Items/22045
Items/21731,Items/85049E
Items/21731,Items/22554
Items/21731,Items/22961
Items/21731,Items/22970
Items/21731,Items/23207
Items/21731,Items/20749
Items/21731,Items/22077
Items/21731,Items/23202
Items/21731,Items/22193
Items/21731,Items/22766
Items/21731,Items/23313
Items/21731,Items/21843
Items/21731,Items/23322
Items/21731,Items/22297
Items/21731,Items/23078
Items/21731,Items/22386
Items/21731,Items/23077
Items/21731,Items/21524
Items/21731,Items/22151
Items/21731,Items/22197
Items/21731,Items/22192
Items/21731,Items/22138
Items/21731,Items/22910
Items/21731,Items/23208
Items/21731,Items/22113
Items/21731,Items/23328
Items/21731,Items/22866
Items/21731,Items/48173C
Items/21731,Items/22333
Items/21731,Items/23126
Items/21731,Items/20728
Items/21731,Items/82600
Items/21731,Items/22558
Items/21731,Items/23344
Items/21731,Items/22621
Items/21731,Items/84375
Items/23077,Items/48185
Items/23077,Items/21175
Items/23077,Items/22551
Items/23077,Items/21671
Items/23077,Items/84879
Items/23077,Items/22457
Items/23077,Items/22045
Items/23077,Items/85049E
Items/23077,Items/22554
Items/23077,Items/22961
Items/23077,Items/22970
Items/23077,Items/23207
Items/23077,Items/20749
Items/23077,Items/22077
Items/23077,Items/23202
Items/23077,Items/22193
Items/23077,Items/22766
Items/23077,Items/23313
Items/23077,Items/23322
Items/23077,Items/21843
Items/23077,Items/22297
Items/23077,Items/23078
Items/23077,Items/22386
Items/23077,Items/21524
Items/23077,Items/22151
Items/23077,Items/22197
Items/23077,Items/22192
Items/23077,Items/22138
Items/23077,Items/22910
Items/23077,Items/22113
Items/23077,Items/23208
Items/23077,Items/23328
Items/23077,Items/22866
Items/23077,Items/48173C
Items/23077,Items/22333
Items/23077,Items/23126
Items/23077,Items/20728
Items/23077,Items/82600
Items/23077,Items/22558
Items/23077,Items/23344
Items/23077,Items/22621
Items/23077,Items/84375
Items/84375,Items/48185
Items/84375,Items/21175
Items/84375,Items/22551
Items/84375,Items/84879
Items/84375,Items/22457
Items/84375,Items/22045
Items/84375,Items/85049E
Items/84375,Items/22554
Items/84375,Items/22961
Items/84375,Items/22970
Items/84375,Items/23207
Items/84375,Items/23202
Items/84375,Items/22077
Items/84375,Items/20749
Items/84375,Items/22193
Items/84375,Items/22766
Items/84375,Items/23313
Items/84375,Items/21843
Items/84375,Items/23322
Items/84375,Items/22297
Items/84375,Items/23078
Items/84375,Items/21524
Items/84375,Items/22386
Items/84375,Items/22151
Items/84375,Items/22197
Items/84375,Items/22192
Items/84375,Items/22138
Items/84375,Items/22910
Items/84375,Items/23208
Items/84375,Items/22113
Items/84375,Items/22866
Items/84375,Items/48173C
Items/84375,Items/23328
Items/84375,Items/22333
Items/84375,Items/23126
Items/84375,Items/20728
Items/84375,Items/82600
Items/84375,Items/22558
Items/84375,Items/23344
Items/84375,Items/22621
Items/84375,Items/21671
Items/22866,Items/48185
Items/22866,Items/21175
Items/22866,Items/22551
Items/22866,Items/84879
Items/22866,Items/21671
Items/22866,Items/22457
Items/22866,Items/22045
Items/22866,Items/85049E
Items/22866,Items/22554
Items/22866,Items/22961
Items/22866,Items/22970
Items/22866,Items/23207
Items/22866,Items/22193
Items/22866,Items/23202
Items/22866,Items/22077
Items/22866,Items/20749
Items/22866,Items/22766
Items/22866,Items/23313
Items/22866,Items/23322
Items/22866,Items/22297
Items/22866,Items/23078
Items/22866,Items/21843
Items/22866,Items/21524
Items/22866,Items/22386
Items/22866,Items/22151
Items/22866,Items/22192
Items/22866,Items/22197
Items/22866,Items/22113
Items/22866,Items/22910
Items/22866,Items/22138
Items/22866,Items/23208
Items/22866,Items/23328
Items/22866,Items/48173C
Items/22866,Items/22333
Items/22866,Items/23126
Items/22866,Items/20728
Items/22866,Items/82600
Items/22866,Items/22558
Items/22866,Items/23344
Items/22866,Items/22621
Items/82600,Items/48185
Items/82600,Items/21175
Items/82600,Items/22551
Items/82600,Items/84879
Items/82600,Items/21671
Items/82600,Items/22457
Items/82600,Items/22045
Items/82600,Items/85049E
Items/82600,Items/22554
Items/82600,Items/22961
Items/82600,Items/22970
Items/82600,Items/23207
Items/82600,Items/20749
Items/82600,Items/22077
Items/82600,Items/23202
Items/82600,Items/22193
Items/82600,Items/22766
Items/82600,Items/23313
Items/82600,Items/23322
Items/82600,Items/21843
Items/82600,Items/22297
Items/82600,Items/23078
Items/82600,Items/22386
Items/82600,Items/21524
Items/82600,Items/22151
Items/82600,Items/22197
Items/82600,Items/22192
Items/82600,Items/22138
Items/82600,Items/22910
Items/82600,Items/22113
Items/82600,Items/23208
Items/82600,Items/48173C
Items/82600,Items/23328
Items/82600,Items/22333
Items/82600,Items/23126
Items/82600,Items/20728
Items/82600,Items/22558
Items/82600,Items/23344
Items/82600,Items/22621
Items/23322,Items/48185
Items/23322,Items/21175
Items/23322,Items/22551
Items/23322,Items/84879
Items/23322,Items/22457
Items/23322,Items/22045
Items/23322,Items/85049E
Items/23322,Items/22554
Items/23322,Items/22961
Items/23322,Items/22970
Items/23322,Items/23207
Items/23322,Items/23202
Items/23322,Items/22077
Items/23322,Items/22193
Items/23322,Items/20749
Items/23322,Items/22766
Items/23322,Items/23313
Items/23322,Items/21843
Items/23322,Items/22297
Items/23322,Items/23078
Items/23322,Items/22386
Items/23322,Items/21524
Items/23322,Items/22151
Items/23322,Items/22197
Items/23322,Items/22192
Items/23322,Items/22113
Items/23322,Items/22910
Items/23322,Items/22138
Items/23322,Items/23208
Items/23322,Items/48173C
Items/23322,Items/23328
Items/23322,Items/22333
Items/23322,Items/23126
Items/23322,Items/20728
Items/23322,Items/22558
Items/23322,Items/23344
Items/23322,Items/22621
Items/23322,Items/21671
Items/22045,Items/48185
Items/22045,Items/21175
Items/22045,Items/22551
Items/22045,Items/84879
Items/22045,Items/21671
Items/22045,Items/22457
Items/22045,Items/85049E
Items/22045,Items/22554
Items/22045,Items/22961
Items/22045,Items/22970
Items/22045,Items/23207
Items/22045,Items/23202
Items/22045,Items/22077
Items/22045,Items/20749
Items/22045,Items/22193
Items/22045,Items/22766
Items/22045,Items/21843
Items/22045,Items/22297
Items/22045,Items/23078
Items/22045,Items/22386
Items/22045,Items/21524
Items/22045,Items/22151
Items/22045,Items/22197
Items/22045,Items/22192
Items/22045,Items/22138
Items/22045,Items/22910
Items/22045,Items/22113
Items/22045,Items/23208
Items/22045,Items/23328
Items/22045,Items/48173C
Items/22045,Items/22333
Items/22045,Items/23126
Items/22045,Items/20728
Items/22045,Items/22558
Items/22045,Items/23344
Items/22045,Items/22621
Items/85049E,Items/48185
Items/85049E,Items/21175
Items/85049E,Items/22551
Items/85049E,Items/84879
Items/85049E,Items/21671
Items/85049E,Items/22457
Items/85049E,Items/22554
Items/85049E,Items/22961
Items/85049E,Items/22970
Items/85049E,Items/23207
Items/85049E,Items/20749
Items/85049E,Items/22077
Items/85049E,Items/22193
Items/85049E,Items/23202
Items/85049E,Items/22766
Items/85049E,Items/23313
Items/85049E,Items/21843
Items/85049E,Items/22297
Items/85049E,Items/23078
Items/85049E,Items/21524
Items/85049E,Items/22386
Items/85049E,Items/22151
Items/85049E,Items/22197
Items/85049E,Items/22192
Items/85049E,Items/22138
Items/85049E,Items/22910
Items/85049E,Items/23208
Items/85049E,Items/22113
Items/85049E,Items/48173C
Items/85049E,Items/23328
Items/85049E,Items/22333
Items/85049E,Items/23126
Items/85049E,Items/20728
Items/85049E,Items/22558
Items/85049E,Items/23344
Items/85049E,Items/22621
Items/21671,Items/48185
Items/21671,Items/21175
Items/21671,Items/22551
Items/21671,Items/84879
Items/21671,Items/22457
Items/21671,Items/22554
Items/21671,Items/22961
Items/21671,Items/22970
Items/21671,Items/22138
Items/21671,Items/23207
Items/21671,Items/22193
Items/21671,Items/22077
Items/21671,Items/23202
Items/21671,Items/22766
Items/21671,Items/23313
Items/21671,Items/21843
Items/21671,Items/22297
Items/21671,Items/23078
Items/21671,Items/22386
Items/21671,Items/21524
Items/21671,Items/22151
Items/21671,Items/22197
Items/21671,Items/22192
Items/21671,Items/22113
Items/21671,Items/22910
Items/21671,Items/23208
Items/21671,Items/48173C
Items/21671,Items/23328
Items/21671,Items/22333
Items/21671,Items/23126
Items/21671,Items/20728
Items/21671,Items/22558
Items/21671,Items/23344
Items/21671,Items/22621
Items/21843,Items/48185
Items/21843,Items/21175
Items/21843,Items/84879
Items/21843,Items/22551
Items/21843,Items/22457
Items/21843,Items/22554
Items/21843,Items/22961
Items/21843,Items/22970
Items/21843,Items/23207
Items/21843,Items/22193
Items/21843,Items/23202
Items/21843,Items/22077
Items/21843,Items/20749
Items/21843,Items/22766
Items/21843,Items/23313
Items/21843,Items/22297
Items/21843,Items/23078
Items/21843,Items/22386
Items/21843,Items/21524
Items/21843,Items/22151
Items/21843,Items/22197
Items/21843,Items/22192
Items/21843,Items/22113
Items/21843,Items/22138
Items/21843,Items/23208
Items/21843,Items/22910
Items/21843,Items/23328
Items/21843,Items/48173C
Items/21843,Items/22333
Items/21843,Items/23126
Items/21843,Items/20728
Items/21843,Items/22558
Items/21843,Items/23344
Items/21843,Items/22621
Items/22970,Items/48185
Items/22970,Items/21175
Items/22970,Items/22551
Items/22970,Items/84879
Items/22970,Items/22457
Items/22970,Items/22554
Items/22970,Items/22961
Items/22970,Items/23207
Items/22970,Items/22193
Items/22970,Items/20749
Items/22970,Items/22077
Items/22970,Items/23202
Items/22970,Items/22766
Items/22970,Items/23313
Items/22970,Items/23078
Items/22970,Items/22386
Items/22970,Items/21524
Items/22970,Items/22151
Items/22970,Items/22192
Items/22970,Items/22197
Items/22970,Items/22113
Items/22970,Items/22138
Items/22970,Items/22910
Items/22970,Items/23208
Items/22970,Items/23328
Items/22970,Items/48173C
Items/22970,Items/22333
Items/22970,Items/23126
Items/22970,Items/20728
Items/22970,Items/22558
Items/22970,Items/23344
Items/22970,Items/22621
Items/22077,Items/48185
Items/22077,Items/21175
Items/22077,Items/22551
Items/22077,Items/84879
Items/22077,Items/22457
Items/22077,Items/22554
Items/22077,Items/22961
Items/22077,Items/23207
Items/22077,Items/20749
Items/22077,Items/23202
Items/22077,Items/22193
Items/22077,Items/22766
Items/22077,Items/23313
Items/22077,Items/22297
Items/22077,Items/23078
Items/22077,Items/21524
Items/22077,Items/22386
Items/22077,Items/22151
Items/22077,Items/22197
Items/22077,Items/22192
Items/22077,Items/22138
Items/22077,Items/22910
Items/22077,Items/23208
Items/22077,Items/22113
Items/22077,Items/48173C
Items/22077,Items/23328
Items/22077,Items/22333
Items/22077,Items/23126
Items/22077,Items/20728
Items/22077,Items/22558
Items/22077,Items/23344
Items/22077,Items/22621
Items/22621,Items/48185
Items/22621,Items/21175
Items/22621,Items/22551
Items/22621,Items/84879
Items/22621,Items/22457
Items/22621,Items/22554
Items/22621,Items/22961
Items/22621,Items/23207
Items/22621,Items/20749
Items/22621,Items/23202
Items/22621,Items/22193
Items/22621,Items/22766
Items/22621,Items/23313
Items/22621,Items/22297
Items/22621,Items/23078
Items/22621,Items/22386
Items/22621,Items/21524
Items/22621,Items/22151
Items/22621,Items/22197
Items/22621,Items/22192
Items/22621,Items/22138
Items/22621,Items/22910
Items/22621,Items/22113
Items/22621,Items/23208
Items/22621,Items/23328
Items/22621,Items/48173C
Items/22621,Items/22333
Items/22621,Items/23126
Items/22621,Items/20728
Items/22621,Items/22558
Items/22621,Items/23344
Items/22113,Items/48185
Items/22113,Items/21175
Items/22113,Items/84879
Items/22113,Items/22551
Items/22113,Items/22457
Items/22113,Items/22554
Items/22113,Items/22961
Items/22113,Items/23207
Items/22113,Items/20749
Items/22113,Items/23202
Items/22113,Items/22193
Items/22113,Items/22766
Items/22113,Items/23313
Items/22113,Items/22297
Items/22113,Items/23078
Items/22113,Items/22386
Items/22113,Items/21524
Items/22113,Items/22151
Items/22113,Items/22192
Items/22113,Items/22197
Items/22113,Items/22138
Items/22113,Items/22910
Items/22113,Items/23208
Items/22113,Items/48173C
Items/22113,Items/23328
Items/22113,Items/22333
Items/22113,Items/23126
Items/22113,Items/20728
Items/22113,Items/22558
Items/22113,Items/23344
Items/23207,Items/48185
Items/23207,Items/21175
Items/23207,Items/22551
Items/23207,Items/84879
Items/23207,Items/22457
Items/23207,Items/22554
Items/23207,Items/22961
Items/23207,Items/23202
Items/23207,Items/22193
Items/23207,Items/20749
Items/23207,Items/22766
Items/23207,Items/23313
Items/23207,Items/22297
Items/23207,Items/23078
Items/23207,Items/22386
Items/23207,Items/21524
Items/23207,Items/22151
Items/23207,Items/22197
Items/23207,Items/22192
Items/23207,Items/22138
Items/23207,Items/22910
Items/23207,Items/23208
Items/23207,Items/48173C
Items/23207,Items/23328
Items/23207,Items/22333
Items/23207,Items/23126
Items/23207,Items/20728
Items/23207,Items/22558
Items/23207,Items/23344
Items/22961,Items/48185
Items/22961,Items/21175
Items/22961,Items/22551
Items/22961,Items/84879
Items/22961,Items/22457
Items/22961,Items/22554
Items/22961,Items/20749
Items/22961,Items/23202
Items/22961,Items/22193
Items/22961,Items/22766
Items/22961,Items/23313
Items/22961,Items/22297
Items/22961,Items/23078
Items/22961,Items/21524
Items/22961,Items/22386
Items/22961,Items/22151
Items/22961,Items/22197
Items/22961,Items/22192
Items/22961,Items/22138
Items/22961,Items/22910
Items/22961,Items/23208
Items/22961,Items/48173C
Items/22961,Items/23328
Items/22961,Items/22333
Items/22961,Items/23126
Items/22961,Items/20728
Items/22961,Items/22558
Items/22961,Items/23344
Items/23126,Items/48185
Items/23126,Items/21175
Items/23126,Items/22551
Items/23126,Items/84879
Items/23126,Items/22457
Items/23126,Items/22554
Items/23126,Items/23202
Items/23126,Items/20749
Items/23126,Items/22193
Items/23126,Items/22766
Items/23126,Items/23313
Items/23126,Items/22297
Items/23126,Items/23078
Items/23126,Items/22386
Items/23126,Items/21524
Items/23126,Items/22151
Items/23126,Items/22197
Items/23126,Items/22192
Items/23126,Items/22138
Items/23126,Items/22910
Items/23126,Items/23208
Items/23126,Items/48173C
Items/23126,Items/23328
Items/23126,Items/22333
Items/23126,Items/20728
Items/23126,Items/22558
Items/23126,Items/23344
Items/22551,Items/48185
Items/22551,Items/21175
Items/22551,Items/84879
Items/22551,Items/22457
Items/22551,Items/22554
Items/22551,Items/23202
Items/22551,Items/20749
Items/22551,Items/22193
Items/22551,Items/22766
Items/22551,Items/23313
Items/22551,Items/22297
Items/22551,Items/23078
Items/22551,Items/22386
Items/22551,Items/21524
Items/22551,Items/22151
Items/22551,Items/22197
Items/22551,Items/22192
Items/22551,Items/22138
Items/22551,Items/22910
Items/22551,Items/23208
Items/22551,Items/23328
Items/22551,Items/48173C
Items/22551,Items/22333
Items/22551,Items/20728
Items/22551,Items/22558
Items/22551,Items/23344
Items/48185,Items/21175
Items/48185,Items/84879
Items/48185,Items/22457
Items/48185,Items/22554
Items/48185,Items/23202
Items/48185,Items/20749
Items/48185,Items/22766
Items/48185,Items/23313
Items/48185,Items/22297
Items/48185,Items/22386
Items/48185,Items/21524
Items/48185,Items/22151
Items/48185,Items/22197
Items/48185,Items/22138
Items/48185,Items/22910
Items/48185,Items/23208
Items/48185,Items/48173C
Items/48185,Items/23328
Items/48185,Items/22333
Items/48185,Items/20728
Items/48185,Items/22558
Items/48185,Items/23344
Items/22197,Items/21175
Items/22197,Items/84879
Items/22197,Items/22457
Items/22197,Items/22554
Items/22197,Items/22193
Items/22197,Items/23202
Items/22197,Items/20749
Items/22197,Items/22766
Items/22197,Items/23313
Items/22197,Items/22297
Items/22197,Items/23078
Items/22197,Items/22386
Items/22197,Items/21524
Items/22197,Items/22151
Items/22197,Items/22192
Items/22197,Items/22138
Items/22197,Items/22910
Items/22197,Items/23208
Items/22197,Items/23328
Items/22197,Items/48173C
Items/22197,Items/22333
Items/22197,Items/20728
Items/22197,Items/22558
Items/22197,Items/23344
Items/22138,Items/21175
Items/22138,Items/84879
Items/22138,Items/22457
Items/22138,Items/22554
Items/22138,Items/23202
Items/22138,Items/20749
Items/22138,Items/22193
Items/22138,Items/22766
Items/22138,Items/23313
Items/22138,Items/22297
Items/22138,Items/23078
Items/22138,Items/22386
Items/22138,Items/21524
Items/22138,Items/22151
Items/22138,Items/22192
Items/22138,Items/22910
Items/22138,Items/23208
Items/22138,Items/48173C
Items/22138,Items/23328
Items/22138,Items/22333
Items/22138,Items/20728
Items/22138,Items/22558
Items/22138,Items/23344
Items/22193,Items/21175
Items/22193,Items/84879
Items/22193,Items/22457
Items/22193,Items/22554
Items/22193,Items/23202
Items/22193,Items/20749
Items/22193,Items/22766
Items/22193,Items/23313
Items/22193,Items/23078
Items/22193,Items/22297
Items/22193,Items/21524
Items/22193,Items/22386
Items/22193,Items/22151
Items/22193,Items/22192
Items/22193,Items/22910
Items/22193,Items/23328
Items/22193,Items/23208
Items/22193,Items/48173C
Items/22193,Items/22333
Items/22193,Items/20728
Items/22193,Items/22558
Items/22193,Items/23344
Items/22333,Items/21175
Items/22333,Items/84879
Items/22333,Items/22457
Items/22333,Items/22554
Items/22333,Items/23202
Items/22333,Items/20749
Items/22333,Items/22766
Items/22333,Items/23313
Items/22333,Items/22297
Items/22333,Items/23078
Items/22333,Items/22386
Items/22333,Items/21524
Items/22333,Items/22151
Items/22333,Items/22910
Items/22333,Items/23208
Items/22333,Items/23328
Items/22333,Items/48173C
Items/22333,Items/20728
Items/22333,Items/22558
Items/22333,Items/23344
Items/22386,Items/21175
Items/22386,Items/84879
Items/22386,Items/22457
Items/22386,Items/22554
Items/22386,Items/23202
Items/22386,Items/20749
Items/22386,Items/22766
Items/22386,Items/23313
Items/22386,Items/22297
Items/22386,Items/23078
Items/22386,Items/21524
Items/22386,Items/22151
Items/22386,Items/22192
Items/22386,Items/22910
Items/22386,Items/23208
Items/22386,Items/48173C
Items/22386,Items/23328
Items/22386,Items/20728
Items/22386,Items/22558
Items/22386,Items/23344
Items/23328,Items/21175
Items/23328,Items/84879
Items/23328,Items/22457
Items/23328,Items/22554
Items/23328,Items/23202
Items/23328,Items/20749
Items/23328,Items/22766
Items/23328,Items/23313
Items/23328,Items/22297
Items/23328,Items/23078
Items/23328,Items/21524
Items/23328,Items/22151
Items/23328,Items/22192
Items/23328,Items/22910
Items/23328,Items/23208
Items/23328,Items/48173C
Items/23328,Items/20728
Items/23328,Items/22558
Items/23328,Items/23344
Items/22910,Items/21175
Items/22910,Items/84879
Items/22910,Items/22457
Items/22910,Items/22554
Items/22910,Items/23202
Items/22910,Items/20749
Items/22910,Items/22766
Items/22910,Items/23313
Items/22910,Items/22297
Items/22910,Items/23078
Items/22910,Items/21524
Items/22910,Items/22151
Items/22910,Items/22192
Items/22910,Items/23208
Items/22910,Items/48173C
Items/22910,Items/20728
Items/22910,Items/22558
Items/22910,Items/23344
Items/21524,Items/21175
Items/21524,Items/84879
Items/21524,Items/22457
Items/21524,Items/22554
Items/21524,Items/23202
Items/21524,Items/20749
Items/21524,Items/22766
Items/21524,Items/23313
Items/21524,Items/22297
Items/21524,Items/23078
Items/21524,Items/22151
Items/21524,Items/22192
Items/21524,Items/48173C
Items/21524,Items/23208
Items/21524,Items/20728
Items/21524,Items/22558
Items/21524,Items/23344
Items/21175,Items/84879
Items/21175,Items/22457
Items/21175,Items/22554
Items/21175,Items/20749
Items/21175,Items/23202
Items/21175,Items/22766
Items/21175,Items/23313
Items/21175,Items/22297
Items/21175,Items/23078
Items/21175,Items/22151
Items/21175,Items/22192
Items/21175,Items/23208
Items/21175,Items/48173C
Items/21175,Items/20728
Items/21175,Items/22558
Items/21175,Items/23344
Items/23078,Items/84879
Items/23078,Items/22457
Items/23078,Items/22554
Items/23078,Items/23202
Items/23078,Items/20749
Items/23078,Items/22766
Items/23078,Items/23313
Items/23078,Items/22297
Items/23078,Items/22151
Items/23078,Items/22192
Items/23078,Items/23208
Items/23078,Items/48173C
Items/23078,Items/20728
Items/23078,Items/22558
Items/23078,Items/23344
Items/23313,Items/84879
Items/23313,Items/22457
Items/23313,Items/22554
Items/23313,Items/20749
Items/23313,Items/23202
Items/23313,Items/22766
Items/23313,Items/22297
Items/23313,Items/22151
Items/23313,Items/22192
Items/23313,Items/23208
Items/23313,Items/48173C
Items/23313,Items/20728
Items/23313,Items/22558
Items/23313,Items/23344
Items/22457,Items/84879
Items/22457,Items/22554
Items/22457,Items/23202
Items/22457,Items/20749
Items/22457,Items/22766
Items/22457,Items/22297
Items/22457,Items/22151
Items/22457,Items/22192
Items/22457,Items/23208
Items/22457,Items/48173C
Items/22457,Items/20728
Items/22457,Items/22558
Items/22457,Items/23344
Items/22151,Items/84879
Items/22151,Items/22554
Items/22151,Items/23202
Items/22151,Items/20749
Items/22151,Items/22766
Items/22151,Items/22297
Items/22151,Items/23208
Items/22151,Items/48173C
Items/22151,Items/20728
Items/22151,Items/22558
Items/22151,Items/23344
Items/22192,Items/84879
Items/22192,Items/22554
Items/22192,Items/23202
Items/22192,Items/20749
Items/22192,Items/22766
Items/22192,Items/22297
Items/22192,Items/23208
Items/22192,Items/48173C
Items/22192,Items/20728
Items/22192,Items/22558
Items/22192,Items/23344
Items/22766,Items/84879
Items/22766,Items/22554
Items/22766,Items/23202
Items/22766,Items/20749
Items/22766,Items/22297
Items/22766,Items/23208
Items/22766,Items/48173C
Items/22766,Items/20728
Items/22766,Items/22558
Items/22766,Items/23344
Items/23344,Items/84879
Items/23344,Items/22554
Items/23344,Items/20749
Items/23344,Items/23202
Items/23344,Items/22297
Items/23344,Items/23208
Items/23344,Items/48173C
Items/23344,Items/20728
Items/23344,Items/22558
Items/84879,Items/22554
Items/84879,Items/23202
Items/84879,Items/20749
Items/84879,Items/22297
Items/84879,Items/23208
Items/84879,Items/48173C
Items/84879,Items/20728
Items/84879,Items/22558
Items/22554,Items/20749
Items/22554,Items/23202
Items/22554,Items/22297
Items/22554,Items/23208
Items/22554,Items/48173C
Items/22554,Items/20728
Items/22554,Items/22558
Items/23208,Items/23202
Items/23208,Items/20749
Items/23208,Items/22297
Items/23208,Items/48173C
Items/23208,Items/20728
Items/23208,Items/22558
Items/20749,Items/23202
Items/20749,Items/48173C
Items/20749,Items/20728
Items/20749,Items/22558
Items/20728,Items/23202
Items/20728,Items/22297
Items/20728,Items/48173C
Items/20728,Items/22558
Items/22297,Items/23202
Items/22297,Items/48173C
Items/22297,Items/22558
Items/48173C,Items/23202
Items/48173C,Items/22558
Items/22558,Items/23202
